"TABLE_NAME","FIELD_NAME","FIELD_TYPE_SQL","FIELD_LENGTH","FIELD_DESC"
"API_Requests","Idx","AUTOINC","4",""
"API_Requests","xAPIs","INTEGER","4",""
"API_Requests","RequestName","CHARACTER VARYING","51",""
"API_Requests","RequestStructure","CHARACTER LARGE OBJECT","8",""
"API_Requests","RequestParams","CHARACTER LARGE OBJECT","8",""
"API_Requests","DetailArrayDescriptor","CHARACTER VARYING","51",""
"API_Responses","Idx","AUTOINC","4",""
"API_Responses","xAPI_Request","INTEGER","4",""
"API_Responses","TimeStamp","TIMESTAMP","8",""
"API_Responses","StatusCode","INTEGER","4",""
"API_Responses","ResponseURL","CHARACTER LARGE OBJECT","8",""
"API_Responses","ResponseStats","CHARACTER LARGE OBJECT","8",""
"API_Responses","ResponseHeaders","CHARACTER LARGE OBJECT","8",""
"API_Responses","ResponseContent","CHARACTER LARGE OBJECT","8",""
"APIs","Idx","AUTOINC","4",""
"APIs","API_Name","SHORTSTRING","51",""
"APIs","Constants","CHARACTER LARGE OBJECT","8",""
"AccountStatus","IDX","AUTOINC","4",""
"AccountStatus","StatusName","SHORTSTRING","101",""
"AccountStatus","StatusText","CHARACTER LARGE OBJECT","8",""
"AccountStatus","Colour","INTEGER","4",""
"AccountStatus","Warning","BOOLEAN","1",""
"AccountStatus","xAccountStatusForOnHold","INTEGER","4",""
"AccountingDocHeaders","IDX","AUTOINC","4",""
"AccountingDocHeaders","HeaderText","CHARACTER LARGE OBJECT","8",""
"AccountingDocHeaders","HeaderType","BYTE","1","TAccountsDocumentHeaderType"
"AccountsIntegration","IDX","AUTOINC","4",""
"AccountsIntegration","AccountPackageID","BYTE","1"," TAccountsIntegrationType = ({aitNone,} aitSage, aitZapier {, aitQuickBooks, aitZero}) - note aitNone retired for 263"
"AccountsIntegration","AccountPackageName","SHORTSTRING","31",""
"AccountsIntegration","PackageSettings","CHARACTER LARGE OBJECT","8","Delphi class that inherits from TAccountIntegrationSettings"
"AccountsIntegration","xQBEInvoiceExport","INTEGER","4",""
"AccountsIntegration","xQBEOrdersExport","INTEGER","4",""
"AccountsIntegration","xQBECustomerExport","INTEGER","4",""
"AccountsIntegration","xQBECustomerImport","INTEGER","4",""
"AccountsIntegration","xQBECustomerCompare","INTEGER","4",""
"AccountsIntegration","xQBECustomerUpdate","INTEGER","4",""
"AccountsIntegration","IsDefault","BOOLEAN","1","Legacy. Superceded by ""IntegrationCombinination"""
"AccountsIntegration","xAccountStatusForOnHold","INTEGER","4",""
"AccountsIntegration","IntegrationCombinination","BYTE","1","TAccountsIntegrationCombinination = (aicNone, aicInvoicesOnly, aicOrdersOnly, aicInvoicesAndOrders)"
"Addons","IDX","AUTOINC","4",""
"Addons","Module_name","SHORTSTRING","129","Module_name"
"Addons","Form","CHARACTER VARYING","51",""
"AddressLogs","IDX","AUTOINC","4",""
"AddressLogs","ChangeNarrative","SHORTSTRING","256",""
"AddressLogs","ChangedTableName","SHORTSTRING","26",""
"AddressLogs","ChangeAction","BYTE","1","TTableAction = (taInsert, taUpdate, taDelete)"
"AddressLogs","ChangedRecordID","INTEGER","4",""
"AddressLogs","ChangeInfo","CHARACTER LARGE OBJECT","8",""
"AddressLogs","ChangeDate","TIMESTAMP","8",""
"AddressLogs","LogGroup","BYTE","1","TAddressLogGroup(alCompany, alPerson, alContacts....)"
"AddressLogs","xUser","INTEGER","4",""
"AddressLogs","ChangeMeaning","BYTE","1"," TAddressLogMeaning = (almCreated, almCompanyNameChanged...)"
"AntiFraudActions","IDX","AUTOINC","4",""
"AntiFraudActions","Description","SHORTSTRING","51",""
"AntiFraudActions","Meaning","BYTE","1","TAntiFraudAction = (aaNotActive, aaCheckingAlwaysActive, aaWarningActive,
aaCheckingLimitedActive, aaNeverActive)"
"AntiFraudActions","MaxLimit","MONEY","8",""
"Audit","Auditkey","AUTOINC","4","Auditkey"
"Audit","Type","INTEGER","4","Type"
"Audit","StockPool","BYTE","1","TStockPool"
"Audit","Quantity","INTEGER","4","Quantity"
"Audit","DisposedQty","INTEGER","4","A total of how many have been stocked out against a stock IN"
"Audit","LinkedBarcodesQty","INTEGER","4","A total of how many barcodes have been linked to stock IN"
"Audit","Date","DATE","4","Date"
"Audit","UnitPrice","MONEY","8","UnitPrice"
"Audit","Notes","CHARACTER LARGE OBJECT","8","Notes"
"Audit","Reference","SHORTSTRING","51","Reference"
"Audit","Site","SMALLINT","2","Owner"
"Audit","Currency","SMALLINT","2","Currency"
"Audit","StockManageOperation","BYTE","1","see TStockManageOperation"
"Audit","xStockIn","INTEGER","4","Link back to AuditKey for a StockOut or TransferOut"
"Audit","xTransferTo","INTEGER","4","Link to Receiver transfer IN record"
"Audit","xTransferFrom","INTEGER","4","Link to Donor transfer OUTrecord"
"Audit","xUser","INTEGER","4",""
"Audit","ResidualValue","MONEY","8",""
"Audit","xWarehouseOpLine","INTEGER","4","For Sales Dispatch/Stock In or Stock Out for Unreturned kit (see Disposal
Reason column)"
"Audit","xSalesAllocationLine","INTEGER","4",""
"Audit","xSalesAllocationQty","INTEGER","4",""
"Audit","DisposalReason","BYTE","1","TDisposalReason = (drUnspecified, drClassTransfer, drBeyondRepair, drEndOfLife,
drLost, drStolen, dsSold)"
"BatchItemDisposals","Idx","AUTOINC","4",""
"BatchItemDisposals","DisposalDate","TIMESTAMP","8",""
"BatchItemDisposals","xUser","INTEGER","4",""
"BatchItemDisposals","Reason","BYTE","1","TDisposalReason = (drUnspecified, drStockTransfer, drBeyondRepair, drEndOfLife, drLost, drStolen, dsSold, dsSalesOrderReturn)"
"BatchItemDisposals","Notes","CHARACTER LARGE OBJECT","8",""
"BespokeSettings","Idx","AUTOINC","4",""
"BespokeSettings","Settings","SHORTSTRING","256",""
"BespokeSettings","Value","SHORTSTRING","256",""
"COMPOSIT","IDX","AUTOINC","4",""
"COMPOSIT","Mastertype","INTEGER","4","Mastertype"
"COMPOSIT","Componenttype","INTEGER","4","Componenttype"
"COMPOSIT","Quantity","INTEGER","4","Quantity"
"COMPOSIT","Sortid","FLOAT","4","Sortid"
"COMPOSIT","Ratio1","INTEGER","4","Ratio1"
"COMPOSIT","Ratio2","INTEGER","4","Ratio2"
"COMPOSIT","NoAutoCountOut","BOOLEAN","1",""
"CONTACTS","ContactsCounter","AUTOINC","4","ContactsCounter"
"CONTACTS","Company","INTEGER","4","Company"
"CONTACTS","Person","INTEGER","4","Person"
"CONTACTS","TelephoneNumber","SHORTSTRING","51","TelephoneNumber"
"CONTACTS","Position","SHORTSTRING","51","Position"
"CONTACTS","Email","SHORTSTRING","101",""
"CONTACTS","xLink","INTEGER","4","Jobnumber"
"CONTACTS","RecordType","CHARACTER VARYING","21",""
"CONTACTS","MainContact","BOOLEAN","1",""
"CONTACTS","MobileNumber","SHORTSTRING","51",""
"CONTACTS","xRecordStatus","BYTE","1","TRecordStatus = (rsIntended, rsPending, rsAccepted,rsDeleted)"
"CREWJOBS","Counter","AUTOINC","4","Counter"
"CREWJOBS","Crewref","INTEGER","4","Crewref"
"CREWJOBS","JobRef","INTEGER","4","looks up Crew.IDX"
"CREWJOBS","Pay","MONEY","8","Pay"
"CREWJOBS","Purchased","MONEY","8","Purchased"
"CREWJOBS","Ordered","BOOLEAN","1",""
"CREWTYPE","Crewindex","AUTOINC","4","Crewindex"
"CREWTYPE","CrewText","CHARACTER VARYING","51","CrewText"
"CREWTYPE","Scheme_A","MONEY","8","Scheme_A"
"CREWTYPE","Scheme_B","MONEY","8","Scheme_B"
"CREWTYPE","Scheme_C","MONEY","8","Scheme_C"
"CREWTYPE","Scheme_D","MONEY","8","Scheme_D"
"CREWTYPE","Hourly_A","MONEY","8",""
"CREWTYPE","Hourly_B","MONEY","8",""
"CREWTYPE","Hourly_C","MONEY","8",""
"CREWTYPE","Hourly_D","MONEY","8",""
"CREWTYPE","Nominal","INTEGER","4","Nominal"
"CREWTYPE","DefaultPricing","INTEGER","4","DefaultPricing"
"CREWTYPE","DefaultHourlyPricing","INTEGER","4",""
"CREWTYPE","OldFilterID","INTEGER","4",""
"CREWTYPE","Retired","BOOLEAN","1",""
"CREWTYPE","DefaultChargePricingNew","INTEGER","4","Default charge price scheme for new crewing"
"CREWTYPE","DefaultPayPricingNew","INTEGER","4","Default pay price scheme for new crewing"
"CREWTYPE","DefaultPayRateNewA","MONEY","8","Default pay rate for currency A for new crewing"
"CREWTYPE","DefaultPayRateNewB","MONEY","8","Default pay rate for currency B for new crewing"
"CREWTYPE","DefaultPayRateNewC","MONEY","8","Default pay rate for currency C for new crewing"
"CREWTYPE","DefaultPayRateNewD","MONEY","8","Default pay rate for currency D for new crewing"
"CREWTYPE","CrewPayRateCompare","BYTE","1","TCrewPayRateCompare = (cprcHourly, cprcDaily). Compare the DefaultPayRate with a Crew person'' hourly or daily rate in various d"
"CREWTYPE","xPayNominal","INTEGER","4",""
"CREWTYPE","DefaultChargePDsA","MONEY","8",""
"CREWTYPE","DefaultChargePDsB","MONEY","8",""
"CREWTYPE","DefaultChargePDsC","MONEY","8",""
"CREWTYPE","DefaultChargePDsD","MONEY","8",""
"CREWTYPE","DefaultPayPDsA","MONEY","8",""
"CREWTYPE","DefaultPayPDsB","MONEY","8",""
"CREWTYPE","DefaultPayPDsC","MONEY","8",""
"CREWTYPE","DefaultPayPDsD","MONEY","8",""
"CREWTYPE","DefaultChargeTravelA","MONEY","8",""
"CREWTYPE","DefaultChargeTravelB","MONEY","8",""
"CREWTYPE","DefaultChargeTravelC","MONEY","8",""
"CREWTYPE","DefaultChargeTravelD","MONEY","8",""
"CREWTYPE","DefaultPayTravelA","MONEY","8",""
"CREWTYPE","DefaultPayTravelB","MONEY","8",""
"CREWTYPE","DefaultPayTravelC","MONEY","8",""
"CREWTYPE","DefaultPayTravelD","MONEY","8",""
"CRMUsers","Idx","AUTOINC","4",""
"CRMUsers","xCRMActivity","INTEGER","4",""
"CRMUsers","xUser","INTEGER","4",""
"CRMUsers","Dismissed","BOOLEAN","1",""
"CRMUsers","ReminderModesAutoDone","BYTE","1",""
"CURRENCY","Scheme","SMALLINT","2","Scheme"
"CURRENCY","Description","SHORTSTRING","21","Description"
"CURRENCY","ISO","SHORTSTRING","4","ISO"
"CURRENCY","CurrencyString","SHORTSTRING","6","CurrencyString"
"CURRENCY","CurrencyFormat","SMALLINT","2","CurrencyFormat"
"CURRENCY","NegCurrFormat","SMALLINT","2","NegCurrFormat"
"CURRENCY","ThousandSeparator","SHORTSTRING","2","ThousandSeparator"
"CURRENCY","DecimalSeparator","SHORTSTRING","2","DecimalSeparator"
"CURRENCY","CurrencyDecimals","SMALLINT","2","CurrencyDecimals"
"CURRENCY","ExchangeRate","DOUBLE PRECISION","8","ExchangeRate"
"CURRENCY","Method","SMALLINT","2","Method"
"CURRENCY","PrimaryLangId","SMALLINT","2","PrimaryLangId"
"CURRENCY","SubLangId","SMALLINT","2","SubLangId"
"CURRENCY","Crystal","SMALLINT","2","Crystal"
"CURRENCY","LocaleID","INTEGER","4",""
"CURRENCY","xAccountsLink","INTEGER","4",""
"CaseCodeReturns","IDX","AUTOINC","4",""
"CaseCodeReturns","xLineRef","INTEGER","4",""
"CaseCodeReturns","CaseCode","SHORTSTRING","21",""
"ClassTransfers","Idx","AUTOINC","4",""
"ClassTransfers","xOperationDetail","INTEGER","4",""
"ClassTransfers","xAuditOut","INTEGER","4",""
"ClassTransfers","xAuditIn","INTEGER","4",""
"Company","CompanyCounter","AUTOINC","4","CompanyCounter"
"Company","CompanyName","SHORTSTRING","51","Customer"
"Company","Address1","SHORTSTRING","51","Address1"
"Company","Address2","SHORTSTRING","51","Address2"
"Company","Address3","SHORTSTRING","51","Address3"
"Company","Town","SHORTSTRING","51","Town"
"Company","County","SHORTSTRING","51","County"
"Company","PostCode","SHORTSTRING","51","PostCode"
"Company","Country","SHORTSTRING","51","Country"
"Company","MainTelephone","SHORTSTRING","51","MainTelephone"
"Company","MainFax","SHORTSTRING","51","MainFax"
"Company","InvAdd1","SHORTSTRING","51","InvAdd1"
"Company","InvAdd2","SHORTSTRING","51","InvAdd2"
"Company","InvAdd3","SHORTSTRING","51","InvAdd3"
"Company","Invtown","SHORTSTRING","51","Invtown"
"Company","Invcounty","SHORTSTRING","51","Invcounty"
"Company","InvPostcode","SHORTSTRING","51","InvPostcode"
"Company","InvCountry","SHORTSTRING","51","InvCountry"
"Company","DelAdd1","SHORTSTRING","51","DelAdd1"
"Company","DelAdd2","SHORTSTRING","51","DelAdd2"
"Company","DelAdd3","SHORTSTRING","51","DelAdd3"
"Company","DelTown","SHORTSTRING","51","DelTown"
"Company","DelPostCode","SHORTSTRING","51","DelPostCode"
"Company","DelCounty","SHORTSTRING","51","DelCounty"
"Company","Delcountry","SHORTSTRING","51","Delcountry"
"Company","RegAdd1","SHORTSTRING","51","RegAdd1"
"Company","RegAdd2","SHORTSTRING","51","RegAdd2"
"Company","RegAdd3","SHORTSTRING","51","RegAdd3"
"Company","RegTown","SHORTSTRING","51","RegTown"
"Company","RegCounty","SHORTSTRING","51","RegCounty"
"Company","RegpostCode","SHORTSTRING","51","RegpostCode"
"Company","RegCountry","SHORTSTRING","51","RegCountry"
"Company","RegNumber","SHORTSTRING","21","RegNumber"
"Company","VatNumber","SHORTSTRING","51","VatNumber"
"Company","Notes","CHARACTER LARGE OBJECT","8","Notes"
"Company","Object","BINARY LARGE OBJECT","8","Object"
"Company","EmailAddress","SHORTSTRING","51","EmailAddress"
"Company","URL","SHORTSTRING","101","URL"
"Company","AccountsTelephone","SHORTSTRING","51","AccountsTelephone"
"Company","RegOfficeTelephone","SHORTSTRING","51","RegOfficeTelephone"
"Company","AccountsFax","SHORTSTRING","51","AccountsFax"
"Company","RegOfficeFax","SHORTSTRING","51","RegOfficeFax"
"Company","PaymentTerms","INTEGER","4","PaymentTerms"
"Company","PurchaseTerms","INTEGER","4","PurchaseTerms"
"Company","PriceDataBase","SHORTSTRING","36","PriceDataBase"
"Company","OurDiscount","SMALLINT","2","OurDiscount"
"Company","SaleDiscount","SMALLINT","2","SaleDiscount"
"Company","HireDiscount","SMALLINT","2","HireDiscount"
"Company","CrewDiscount","SMALLINT","2","CrewDiscount"
"Company","TransportDiscount","SMALLINT","2","TransportDiscount"
"Company","Hold","BOOLEAN","1","Hold"
"Company","Accref","SHORTSTRING","13","Account Ref"
"Company","AccountLimit","MONEY","8","AccountLimit"
"Company","InsuranceLimit","MONEY","8","InsuranceLimit"
"Company","InsuranceExpire","TIMESTAMP","8","InsuranceExpire"
"Company","Cellular","SHORTSTRING","26","Cellular"
"Company","Archived","BOOLEAN","1",""
"Company","xAccountStatus","SMALLINT","2",""
"Company","xRecordStatus","BYTE","1","TRecordStatus = (rsIntended, rsPending, rsAccepted,rsDeleted)"
"Company","xAntiFraudAction","BYTE","1",""
"Company","RentalVenueCommission","DOUBLE PRECISION","8",""
"Company","CrewVenueCommission","DOUBLE PRECISION","8",""
"Company","TransportVenueCommission","DOUBLE PRECISION","8",""
"Company","MiscVenueCommission","DOUBLE PRECISION","8",""
"Company","SalesOrderDiscount","SMALLINT","2",""
"Company","CreatedDate","TIMESTAMP","8",""
"Company","ModifiedDate","TIMESTAMP","8",""
"Company","xModifiedBy","INTEGER","4",""
"Company","AccountsEmail","CHARACTER VARYING","51",""
"Company","DeliveryTelephone","CHARACTER VARYING","51",""
"Company","DeliveryEmail","CHARACTER VARYING","51",""
"Company","RegisteredEmail","CHARACTER VARYING","51",""
"Company","DeliveryFax","CHARACTER VARYING","21",""
"Company","DeliveryWhat3Words","CHARACTER VARYING","256",""
"CompanyAntiFraud","IDX","AUTOINC","4",""
"CompanyAntiFraud","xCompany","INTEGER","4",""
"CompanyAntiFraud","DataOrigin","BYTE","1","TDataOrigin = (doExternal,doHireTrack)"
"CompanyAntiFraud","FirstJobDate","DATE","4",""
"CompanyAntiFraud","LastJobDate","DATE","4",""
"CompanyAntiFraud","ConfirmedJobsToDate","INTEGER","4",""
"CompanyAntiFraud","MaxConfirmedStockValueToDate","MONEY","8",""
"CompanyAntiFraud","AvConfirmedStockValueToDate","MONEY","8",""
"CompanyPics","IDX","AUTOINC","4",""
"CompanyPics","CompanyID","INTEGER","4",""
"CompanyPics","Image","IMAGE","8",""
"CompanyPics","ImageClassName","SHORTSTRING","26",""
"CompanyPics","IsDefault","BOOLEAN","1",""
"CompanyPics","xImageType","INTEGER","4",""
"CorrespondenceTypes","IDX","AUTOINC","4",""
"CorrespondenceTypes","Description","CHARACTER VARYING","51",""
"CorrespondenceTypes","SystemRecord","BOOLEAN","1",""
"Costs","Idx","AUTOINC","4",""
"Costs","xJob","INTEGER","4",""
"Costs","xInternalCostCentre","BYTE","1","TInternalCostCentre = (iccNone = 0, iccPayment = 1, iccEqUsage = 2, iccPrep = 3,
 iccTransport = 4, iccGlobalPurchaseOrderAlloc"
"Costs","xGeneralCostCentre","BYTE","1","TGeneralCostCentre - only for Payments"
"Costs","xCostCentreID","INTEGER","4","Lookup IDs for internal costs, e.g. Tranplan.TransprtCounter, Eqlists.Eql_no,
Service.Recordno, Audit.Auditkey. Combine with xI"
"Costs","xStatus","SMALLINT","2",""
"Costs","IsList","BOOLEAN","1",""
"Costs","Title","SHORTSTRING","256",""
"Costs","IsCompanySupplier","BOOLEAN","1",""
"Costs","xSupplier","INTEGER","4",""
"Costs","xPaymentType","BYTE","1","looks up PaymentTypes table"
"Costs","SupplierRef","SHORTSTRING","31",""
"Costs","OurRef","SHORTSTRING","31",""
"Costs","IsExpenditure","BOOLEAN","1",""
"Costs","IsIncome","BOOLEAN","1",""
"Costs","AnticipatedPrice","MONEY","8",""
"Costs","ActualPrice","MONEY","8",""
"Costs","LastQuotedTotal","MONEY","8",""
"Costs","InvoiceOnPrice","MONEY","8",""
"Costs","InvoiceOnTax","MONEY","8",""
"Costs","InvoiceOnIncTax","MONEY","8",""
"Costs","InvoicedTotal","MONEY","8",""
"Costs","Invoiced","BOOLEAN","1",""
"Costs","xNominal","INTEGER","4",""
"Costs","Notes","CHARACTER LARGE OBJECT","8",""
"Costs","xCreatedBy","INTEGER","4",""
"Costs","CreationDate","TIMESTAMP","8",""
"Costs","xModifiedBy","INTEGER","4",""
"Costs","ModifiedDate","TIMESTAMP","8",""
"Costs","Selected","BOOLEAN","1","cf LastQuotedTotal"
"Costs","Ordered","BOOLEAN","1",""
"Costs","xExpenditureUser","INTEGER","4",""
"Costs","ExpenditureDate","DATE","4",""
"Costs","QuoteCount","INTEGER","4",""
"CostsDetail","IDX","AUTOINC","4",""
"CostsDetail","xCost","INTEGER","4",""
"CostsDetail","Quantity","INTEGER","4",""
"CostsDetail","ReceivedToDate","INTEGER","4",""
"CostsDetail","Description","SHORTSTRING","256",""
"CostsDetail","PartNumber","SHORTSTRING","31",""
"CostsDetail","UnitPrice","MONEY","8",""
"CostsDetail","GrossTotal","MONEY","8",""
"CostsDetail","Discount","FLOAT","4",""
"CostsDetail","NetTotal","MONEY","8",""
"CostsDetail","Invoiced","BOOLEAN","1",""
"CostsDetail","xNominal","INTEGER","4",""
"Crew","Idx","AUTOINC","4","Idx"
"Crew","Job_no","INTEGER","4","Job_no"
"Crew","Header","INTEGER","4","Header"
"Crew","Type","INTEGER","4","Type"
"Crew","xStatus","SMALLINT","2",""
"Crew","xSite","BYTE","1","Site supplying crew"
"Crew","Out","TIMESTAMP","8","Out"
"Crew","Back","TIMESTAMP","8","Back"
"Crew","Notes","CHARACTER LARGE OBJECT","8","Notes"
"Crew","Quantity","INTEGER","4","Quantity"
"Crew","Allocated","INTEGER","4","Allocated"
"Crew","SingleCrewRef","INTEGER","4","SingleCrewRef"
"Crew","DailyCharge","MONEY","8","DailyCharge"
"Crew","Total","MONEY","8","The total charged for this crew request. For Enhanced Cewing this is the total of LabourChargeForBilling, PDChargeForBilling, Tr"
"Crew","LastQuotedTotal","MONEY","8","For legacy crewing this amount is taken from Total; for Enhanced it is taken from QuotationChargeTotal"
"Crew","TaxTotal","MONEY","8","Tax amount on Total"
"Crew","TotalIncTax","MONEY","8","Total + TaxTotal"
"Crew","InvoicedTotal","MONEY","8",""
"Crew","Invoiced","BOOLEAN","1",""
"Crew","TotalPay","MONEY","8","The total labour costs for this crew request. For new crewing this is the total of LabourPay, PDPay, TravelPay, OvertimePay"
"Crew","SortPosition","FLOAT","4","SortPosition"
"Crew","CreatedBy","INTEGER","4",""
"Crew","CreatedDate","TIMESTAMP","8",""
"Crew","ModifiedBy","INTEGER","4",""
"Crew","ModifiedDate","TIMESTAMP","8",""
"Crew","Selected","BOOLEAN","1","For reporting"
"Crew","EqlistsAllocated","INTEGER","4",""
"Crew","xCrewTask","INTEGER","4",""
"Crew","Active","BOOLEAN","1",""
"Crew","QuoteCount","INTEGER","4",""
"Crew","RequestDefaults","CHARACTER LARGE OBJECT","8","default values for shifts stored as JSON"
"Crew","LabourCharge","MONEY","8","Summary of the ""for quotation"" Labour charges for all Shifts with BookingState = 0 (sbsIncQuote)"
"Crew","PDCharge","MONEY","8","Summary of the ""for quotation"" PD charges for all Shifts with BookingState = 0 (sbsIncQuote)"
"Crew","TravelCharge","MONEY","8","Summary of the ""for quotation"" Travel charges for all Shifts with BookingState = 0 (sbsIncQuote)"
"Crew","OvertimeCharge","MONEY","8","Summary of the ""for quotation"" Overtime charges for all Shifts with BookingState = 0 (sbsIncQuote)"
"Crew","AccommodationCharge","MONEY","8","Summary of the ""for quotation"" Accommodation charges for all Shifts with BookingState = 0 (sbsIncQuote)"
"Crew","PDChargeTax","MONEY","8","Tax estimate for PDCharge for quoting purposes"
"Crew","TravelChargeTax","MONEY","8","Tax estimate for TravelCharge for quoting purposes"
"Crew","OvertimeChargeTax","MONEY","8","Tax estimate for OvertimeCharge for quoting purposes"
"Crew","AccommodationChargeTax","MONEY","8","Tax estimate for AccommodationCharge for quoting purposes"
"Crew","RecType","BYTE","1","TCrewRecordType = (crtOld, crtUpgrading, crtUpgraded, crtNew)"
"Crew","UpgradeMasterRec","INTEGER","4","Source record ID that is ""atomised"" during the New Crewing Upgrade"
"Crew","TotalPayTax","MONEY","8","The tax amount on the TotalPay"
"Crew","LabourPay","MONEY","8","Summary of the labour (only) payments for all Shifts linked to a Crew Request"
"Crew","PDPay","MONEY","8","Summary of the PD Payments for all Shifts linked to a Crew Request"
"Crew","TravelPay","MONEY","8","Summary of the Travel Payments for all Shifts linked to a Crew Request"
"Crew","OvertimePay","MONEY","8","Summary of the Overtime Payments for all Shifts linked to a Crew Request"
"Crew","AccommodationPay","MONEY","8","Summary of the Accommodation Payments for all Shifts linked to a Crew Request"
"Crew","PDPayTax","MONEY","8","Tax for the PD Payments for all Shifts linked to a Crew Request"
"Crew","TravelPayTax","MONEY","8","Tax for the Travel Pays for all Shifts linked to a Crew Request"
"Crew","OvertimePayTax","MONEY","8","Tax forthe Overtime Pays for all Shifts linked to a Crew Request"
"Crew","AccommodationPayTax","MONEY","8","Tax for the Accomodation Pays for all Shifts linked to a Crew Request"
"Crew","TotalPayIncTax","MONEY","8","New Crewing uses this field for summing all 5 Payments and their 5 Taxes"
"Crew","LabourChargeForBilling","MONEY","8","Summary of the billable Labour charges for all Shifts with BookingState < 2 (not Cancelled nor Blackout)"
"Crew","PDChargeForBilling","MONEY","8","Summary of the billable  PD charges for all Shifts with BookingState < 2 (not Cancelled nor Blackout)"
"Crew","TravelChargeForBilling","MONEY","8","Summary of the billable Travel charges for all Shifts with BookingState < 2 (not Cancelled nor Blackout)"
"Crew","OvertimeChargeForBilling","MONEY","8","Summary of the billable Overtime charges for all Shifts with BookingState < 2 (not Cancelled nor Blackout)"
"Crew","AccommodationChargeForBilling","MONEY","8","Summary of the billable Accommodation charges for all Shifts with BookingState < 2 (not Cancelled nor Blackout)"
"Crew","QuotationChargeTotal","MONEY","8","Sum of LabourCharge, PDCharge, TravelCharge, OvertimeCharge, AccommodationCharge"
"Crew","LabourChargeTax","MONEY","8","Tax estimate for LabourCharge for quoting purposes"
"Crew","QuotationChargeTotalTax","MONEY","8","Tax estimate for QuotationChargeTotal for quoting purposes"
"Crew","QuotationChargeTotalTaxInc","MONEY","8","QuotationChargeTotal + QuotationChargeTotalTax"
"Crew","LabourPayTax","MONEY","8","Tax for the Labour Pay for all Shifts linked to a Crew Request"
"Crew","xRepeatLink","INTEGER","4","Link back to the crew task record that provided the logic for generating a record with this column assigned a value. This linked"
"Crew","TaskRepeatOptions","BYTE","1","TTaskRepeatOptions = (troNever, troDaily, troWeekly, troMonthly, troAnnually)"
"Crew","TaskRepeatEndType","BYTE","1","TTaskRepeatEndType = (tretNever, tretAfterDate, tretAfterOccurrences)"
"Crew","TaskRepeatEndDate","DATE","4","No records of TaskRepeatOptions > troNever will be created after this date"
"Crew","TaskRepeatOccurances","BYTE","1","Number records of TaskRepeatOptions > troNever will be created if TaskRepeatEndType = tretAfterOccurrences"
"Crew","TaskRepeatInterval","BYTE","1","e.g every  2 days, or every 2 weeks"
"CrewAccommodation","Idx","AUTOINC","4",""
"CrewAccommodation","xJob","INTEGER","4","Link to Jobs.nx1"
"CrewAccommodation","BookingDate","DATE","4",""
"CrewAccommodation","xCompany","INTEGER","4","Link to Company.nx1, i.e. the Hotels, B&B etc"
"CrewAccommodation","Charge","MONEY","8",""
"CrewAccommodation","OrderStatus","BYTE","1","TShiftOrderStatus = (sosNone, sosPartial, sosFullfilled, sosOver)"
"CrewAccommodation","RoomsOrdered","INTEGER","4",""
"CrewAccommodation","GuestsOrdered","INTEGER","4",""
"CrewAccommodation","Flag","BYTE","1","see TAccommodationFlag = (afNone, afShiftDateChange, afShiftRoomChange)"
"CrewAccommodation","FlagNarrative","CHARACTER LARGE OBJECT","8","when Flag is being set triggers and client code can write to this column to log the reasons. The column can be written to and cl"
"CrewAccommodationLkp","Idx","AUTOINC","4",""
"CrewAccommodationLkp","xCrewShift","INTEGER","4","link to CrewShift.Idx"
"CrewAccommodationLkp","xCrewAccommodation","INTEGER","4","link to CrewAccommodation.Idx"
"CrewAccommodationLkp","AccommodationDay","BYTE","1","TAccommodationDay = (adBeforeShift, adOnShift, adAfterShift)"
"CrewAccommodationLkp","RoomDesignation","CHARACTER VARYING","21","the room number booked"
"CrewActivities","IDX","AUTOINC","4",""
"CrewActivities","xArea","INTEGER","4","link to CrewHeader.idx"
"CrewActivities","ActivityDate","DATE","4",""
"CrewActivities","ActivityType","BYTE","1","TActivityType = (atOnSite, atWarehouse)"
"CrewActivities","Description","CHARACTER VARYING","51",""
"CrewActivities","xClonedFrom","INTEGER","4","Used when cloning an Area in Enhanced Crew. Without this cloned Shifts wouldn''t know what Activity to link to"
"CrewAffinities","IDX","AUTOINC","4",""
"CrewAffinities","xPerson","INTEGER","4","link to Name2.NameCounter"
"CrewAffinities","xLink","INTEGER","4","link to Users.UID or Name2.NameCounter, depending on the value of LinkType"
"CrewAffinities","Score","BYTE","1","range of say 0..5"
"CrewAffinities","LinkType","BYTE","1","TAffinityLinkType = (altHandler, altCrewBoss)"
"CrewAffinities","ScoreIsNegative","BOOLEAN","1",""
"CrewAttributes","IDX","AUTOINC","4",""
"CrewAttributes","Description","CHARACTER VARYING","51",""
"CrewAttributes","Expires","BOOLEAN","1",""
"CrewEqlNew","Idx","AUTOINC","4","Idx"
"CrewEqlNew","Eqlno","INTEGER","4","Eqlno"
"CrewEqlNew","CrewRef","INTEGER","4","CrewRef"
"CrewPeopleAttributes","IDX","AUTOINC","4",""
"CrewPeopleAttributes","xPerson","INTEGER","4","link to Name2.NameCounter"
"CrewPeopleAttributes","xCrewAttribute","INTEGER","4","link to CrewAttribute.Idx"
"CrewPeopleAttributes","ExpiryDate","DATE","4","e.g. when fork life license expires for person X"
"CrewPeopleAttributes","Notes","CHARACTER LARGE OBJECT","8",""
"CrewPeopleAttributes","Valid","BOOLEAN","1",""
"CrewPeopleLkp","IDX","AUTOINC","4",""
"CrewPeopleLkp","xCrewType","INTEGER","4",""
"CrewPeopleLkp","xPerson","INTEGER","4",""
"CrewPeopleLkp","MyRating","DOUBLE PRECISION","8",""
"CrewPositionOffers","IDX","AUTOINC","4",""
"CrewPositionOffers","xPosition","INTEGER","4","link to CrewPosition.idx"
"CrewPositionOffers","xPerson","INTEGER","4","link to Name2.NameCounter"
"CrewPositionOffers","LastModifiedBy","INTEGER","4","link to Users.UID"
"CrewPositionOffers","CorrespondenceType","INTEGER","4","link to CorrespondenceTypes.idx"
"CrewPositionOffers","OfferStatusDate","TIMESTAMP","8",""
"CrewPositionOffers","OfferStatus","BYTE","1","TCrewOfferStatus = (cosShortlisted, cosContacted, cosUnavailable, cosPossiblyAvailablity, cosAvailable, cosRejected, cosPencille"
"CrewPositionOffers","CorrespondenceDate","TIMESTAMP","8","Logs the date any correspondence with a crew person happens"
"CrewPositions","IDX","AUTOINC","4",""
"CrewPositions","xCrewRequest","INTEGER","4","link to Crew.idx"
"CrewPositions","xPerson","INTEGER","4","link to Name2.NameCounter"
"CrewPositions","Status","BYTE","1","TShiftStatus = (ssUnprocessed, ssInProgress, ssPencilled, ssBooked)"
"CrewPositions","OrderStatus","BYTE","1","TPositionOrderStatus = (posNotRequired, posOutstandingNone, posOutstandingSome, posFullfilled)"
"CrewPositions","Description","CHARACTER VARYING","51",""
"CrewPositions","Cancelled","BOOLEAN","1","Determines if an entire position/person is cancelled after being both booked AND ordered"
"CrewPositions","Syncd","INTEGER","4",""
"CrewPositions","LowestShiftStatus","BYTE","1","ALTER TABLE CrewPositions DROP COLUMN IF EXISTS LowestShiftStatus"
"CrewShifts","IDX","AUTOINC","4",""
"CrewShifts","xActivity","INTEGER","4","link to CrewActivities.idx"
"CrewShifts","xPosition","INTEGER","4","link to CrewPositions.idx"
"CrewShifts","BookingState","BYTE","1","TShiftBookingState = (sbsIncQuote, sbsExcQuote, sbsCancelled, sbsBlackout)"
"CrewShifts","Status","BYTE","1","TShiftStatus = (ssUnprocessed, ssInProgress, ssPencilled, ssBooked)"
"CrewShifts","OrderStatus","BYTE","1","TShiftOrderStatus = (sosNone, sosPartial, sosFullfilled, sosOver)"
"CrewShifts","ShiftType","BYTE","1","TShiftType = (stUnknown, stNormal, stBlackout)"
"CrewShifts","Shift1Start","TIME","4",""
"CrewShifts","Shift1End","TIME","4",""
"CrewShifts","Shift2Start","TIME","4",""
"CrewShifts","Shift2End","TIME","4",""
"CrewShifts","AccommodationStatus","BYTE","1","TAccommodationStatus = (asNotRequired, asClientProvides, asWeProvide)"
"CrewShifts","AccommodationCharge","MONEY","8",""
"CrewShifts","ChargeRate","MONEY","8",""
"CrewShifts","ChargeMethod","INTEGER","4","link to Price_Dat.idx"
"CrewShifts","ChargeAmount","MONEY","8",""
"CrewShifts","ChargePDsAmount","MONEY","8",""
"CrewShifts","ChargeTravelAmount","MONEY","8",""
"CrewShifts","ChargeOvertimeAmount","MONEY","8",""
"CrewShifts","PayRate","MONEY","8",""
"CrewShifts","PayMethod","INTEGER","4","link to Price_Dat.idx"
"CrewShifts","PayAmount","MONEY","8",""
"CrewShifts","PayPDsAmount","MONEY","8",""
"CrewShifts","PayTravelAmount","MONEY","8",""
"CrewShifts","PayOvertimeAmount","MONEY","8",""
"CrewShifts","Notes","NATIONAL CHARACTER LARGE OBJECT","8",""
"CrewShifts","IntegrityIssues","BOOLEAN","1",""
"CrewShifts","AccommodationDays","BYTE","1","TAccommodationDays = Set of TAccommodationDay;TAccommodationDay = (adBeforeShift, adOnShift, adAfterShift); So values between 1 "
"CrewShifts","OrderDetails","CHARACTER LARGE OBJECT","8","JSON formatted data that stores the order amounts and the shift date and times"
"CrewTasks","IDX","AUTOINC","4",""
"CrewTasks","Task","SHORTSTRING","51",""
"CrewTasks","Status","BYTE","1","TRecordStatus = (rsAny, ctsLegacy, ctsNew, ctsRetired)"
"CrewTasks","TaskType","BYTE","1","TCrewTaskType = (cttUnassigned, cttUnavailable)"
"Crew_Function","Idx","AUTOINC","4","Idx"
"Crew_Function","Function","SHORTSTRING","51","Function"
"Crew_header","Idx","AUTOINC","4","Idx"
"Crew_header","Function","INTEGER","4","Function"
"Crew_header","ScheduleStart","TIMESTAMP","8","ScheduleStart"
"Crew_header","ScheduleEnd","TIMESTAMP","8","ScheduleEnd"
"Crew_header","PriceStart","TIMESTAMP","8","PriceStart"
"Crew_header","PriceEnd","TIMESTAMP","8","PriceEnd"
"Crew_header","XJob","INTEGER","4","XJob"
"Crew_header","Title","SHORTSTRING","101","Title"
"Crew_header","CreatedBy","INTEGER","4",""
"Crew_header","CreatedDate","TIMESTAMP","8",""
"Crew_header","ModifiedBy","INTEGER","4",""
"Crew_header","ModifiedDate","TIMESTAMP","8",""
"Crew_header","xStatus","SMALLINT","2",""
"Crew_header","ChargeMode","BYTE","1",""
"Crew_header","Sort_Order","DECIMAL","8",""
"Departments","IDX","AUTOINC","4",""
"Departments","DepartmentName","SHORTSTRING","51",""
"Diary","IDX","AUTOINC","4",""
"Diary","EventType","BYTE","1","TEventType = (etJob, etProject, etCRM) "
"Diary","xEventOwnerID","INTEGER","4",""
"Diary","Description","SHORTSTRING","256",""
"Diary","xEventCategory","INTEGER","4",""
"Diary","Priority","BYTE","1","TEventPriority = (epLow, epMedium, epHigh);"
"Diary","DueDate","TIMESTAMP","8",""
"Diary","ReminderType","BYTE","1","TReminderType = (rsNoReminder,rtHourBefore, rtHourBefore, rtDayBefore,



rtThreeDaysBefore, rtWeekBefore,
rtTwoWeeksBefore"
"Diary","Status","BYTE","1","TEventStatus = (esNotDone, esIntiated, esCompleted)"
"Diary","Notes","CHARACTER LARGE OBJECT","8",""
"Diary","xCreatedBy","INTEGER","4",""
"Diary","CreatedDate","TIMESTAMP","8",""
"Diary","xModifiedBy","INTEGER","4",""
"Diary","ModifiedDate","TIMESTAMP","8",""
"Diary","xCompletedBy","INTEGER","4",""
"Diary","CompletedDate","TIMESTAMP","8",""
"DiaryCategories","IDX","AUTOINC","4",""
"DiaryCategories","Description","SHORTSTRING","51",""
"DiaryUsers","Idx","AUTOINC","4",""
"DiaryUsers","xDiary","INTEGER","4",""
"DiaryUsers","xUser","INTEGER","4",""
"DiaryUsers","Dismissed","BOOLEAN","1",""
"DiaryUsers","ReminderModesAutoDone","BYTE","1",""
"DocumentFolders","Idx","AUTOINC","4",""
"DocumentFolders","Parent","INTEGER","4",""
"DocumentFolders","Name","SHORTSTRING","256",""
"DocumentFolders","EnumRepositoryType","SHORTSTRING","26",""
"DocumentFolders","RepositoryRecordIdx","INTEGER","4",""
"DocumentFolders","Replacedby","INTEGER","4",""
"DocumentTypes","IDX","AUTOINC","4",""
"DocumentTypes","Description","SHORTSTRING","51",""
"Documents","Idx","AUTOINC","4",""
"Documents","EnumRepositoryType","SHORTSTRING","26",""
"Documents","RepositoryRecordIdx","INTEGER","4",""
"Documents","OriginalFileName","SHORTSTRING","256",""
"Documents","CurrentFileName","SHORTSTRING","256",""
"Documents","CreatedBy","INTEGER","4",""
"Documents","VersionMasterIdx","INTEGER","4",""
"Documents","Version","SMALLINT","2",""
"Documents","VersionRevision","SMALLINT","2",""
"Documents","VersionTimeStamp","TIMESTAMP","8",""
"Documents","VersionComment","CHARACTER LARGE OBJECT","8",""
"Documents","VersionUpdatedBy","INTEGER","4",""
"Documents","FileDate","TIMESTAMP","8",""
"Documents","FileReadOnly","BOOLEAN","1",""
"Documents","Locked","BOOLEAN","1",""
"Documents","LockedBy","INTEGER","4",""
"Documents","LockedTimeStamp","TIMESTAMP","8",""
"Documents","LockedComments","CHARACTER LARGE OBJECT","8",""
"Documents","xDocFolder","INTEGER","4",""
"Documents","Deleted","BOOLEAN","1",""
"Documents","DeletedBy","INTEGER","4",""
"Documents","DeletedTimeStamp","TIMESTAMP","8",""
"Documents","xDocumentType","INTEGER","4","looks up DocumentTypes.nx1"
"EMAIL_UID","Idx","AUTOINC","4",""
"EMAIL_UID","UID","INTEGER","4",""
"EMAIL_UID","xFolder","INTEGER","4",""
"EMAIL_UID","Status","SHORTINT","1",""
"EQLISTS","Eql_no","INTEGER","4","Eql_no"
"EQLISTS","Job_no","INTEGER","4","Job_no"
"EQLISTS","Eql_Title","SHORTSTRING","51","Eql_Title"
"EQLISTS","Venue_no","INTEGER","4","Venue_no"
"EQLISTS","DateOut","TIMESTAMP","8","DateOut"
"EQLISTS","DateBack","TIMESTAMP","8","DateBack"
"EQLISTS","Defcon","SMALLINT","2","Status"
"EQLISTS","Eql_name","SHORTSTRING","31","Eql_name"
"EQLISTS","Client_no","INTEGER","4","Client_no"
"EQLISTS","Client_name","SHORTSTRING","51","Client_name"
"EQLISTS","Venue_addr1","SHORTSTRING","51","Venue_addr1"
"EQLISTS","Venue_addr2","SHORTSTRING","51","Venue_addr2"
"EQLISTS","Venue_addr3","SHORTSTRING","51","Venue_addr3"
"EQLISTS","Venue_town","CHARACTER VARYING","51","Venue_town"
"EQLISTS","Venue_postcode","SHORTSTRING","51","Venue_postcode"
"EQLISTS","Discount","EXTENDED","10","Discount"
"EQLISTS","Subhire","BOOLEAN","1","Subhire - Legacy. Superceded by ListType"
"EQLISTS","ListType","BYTE","1","TWarehouseActivity"
"EQLISTS","xTransferToList","INTEGER","4","Eqlist borrowing the kit"
"EQLISTS","Hiredays","INTEGER","4","Hiredays"
"EQLISTS","Startdays","INTEGER","4","Startdays"
"EQLISTS","Archived","BOOLEAN","1","legacy ""Paid"" field, now used for modifying Transfer Lists to include Owner
(Audit) in transfer"
"EQLISTS","Venue_name","SHORTSTRING","51","Venue_name"
"EQLISTS","Venue_county","SHORTSTRING","51","Venue_county"
"EQLISTS","Venue_country","SHORTSTRING","51","Venue_country"
"EQLISTS","Venue_Telephone","SHORTSTRING","51","Venue_Telephone"
"EQLISTS","Venue_Facsimile","SHORTSTRING","51","Venue_Facsimile"
"EQLISTS","Notes","CHARACTER LARGE OBJECT","8","Notes"
"EQLISTS","PrivateNotes","CHARACTER LARGE OBJECT","8",""
"EQLISTS","TransportOut","BOOLEAN","1","TransportOut"
"EQLISTS","TransportBack","BOOLEAN","1","TransportBack"
"EQLISTS","Link","INTEGER","4","Config Book Site link"
"EQLISTS","MainSite","INTEGER","4","Main Warehouse, actually"
"EQLISTS","ModBy","INTEGER","4","Hours for PreAvailablity checking"
"EQLISTS","CreatedBy","INTEGER","4",""
"EQLISTS","CreatedDate","TIMESTAMP","8",""
"EQLISTS","ModifiedBy","INTEGER","4",""
"EQLISTS","ModDate","TIMESTAMP","8","ModDate"
"EQLISTS","GetInDate","TIMESTAMP","8","GetInDate"
"EQLISTS","ShowDate","TIMESTAMP","8","ShowDate"
"EQLISTS","GetOutDate","TIMESTAMP","8","GetOutDate"
"EQLISTS","Pricemode","SMALLINT","2","Pricemode"
"EQLISTS","Int1","INTEGER","4","Returning To Warehouse"
"EQLISTS","Int2","INTEGER","4","Price Locking"
"EQLISTS","PreDiscountTotal","MONEY","8",""
"EQLISTS","DiscountTotal","MONEY","8",""
"EQLISTS","ETotal","MONEY","8","ETotal"
"EQLISTS","Addncharge","MONEY","8","Addncharge"
"EQLISTS","Total","MONEY","8","Total"
"EQLISTS","LastQuotedTotal","MONEY","8","populated via reporting module See TReportClass"
"EQLISTS","TaxTotal","MONEY","8",""
"EQLISTS","TotalIncTax","MONEY","8",""
"EQLISTS","ITotal","MONEY","8",""
"EQLISTS","GridOptions","CHARACTER LARGE OBJECT","8",""
"EQLISTS","ShowEndDate","TIMESTAMP","8",""
"EQLISTS","PrepDate","TIMESTAMP","8",""
"EQLISTS","CheckInDate","TIMESTAMP","8",""
"EQLISTS","PrepAvail","BOOLEAN","1",""
"EQLISTS","CheckInAvail","BOOLEAN","1",""
"EQLISTS","TotalValue","MONEY","8",""
"EQLISTS","TotalWeight","FLOAT","4",""
"EQLISTS","xPrepBay","INTEGER","4",""
"EQLISTS","ReturnedStatus","BYTE","1",""
"EQLISTS","CheckedInStatus","BYTE","1",""
"EQLISTS","Upgraded","BOOLEAN","1","Only written to an old Eclipse is opened for the first time"
"EQLISTS","SortOrder","FLOAT","4","For Quotes"
"EQLISTS","xTransferInWarehouse","INTEGER","4","warehouse that is borrowing kit"
"EQLISTS","Selected","BOOLEAN","1","For Reporting , e.g. Quotes"
"EQLISTS","QuoteCount","INTEGER","4",""
"EQLISTS","PrepStatus","INTEGER","4",""
"EQLISTS","DelStatus","INTEGER","4",""
"EQLISTS","xOriginalList","INTEGER","4","if list is an extension or early return, this field points to the id of the
original list"
"EQLISTS","ReservationsMode","BYTE","1","TReservedBarcodesScanMode = (rbsmStrict, rbsmPrompt, rbsmRelaxed)"
"EQLISTS","EqlistClass","BYTE","1","Specifies if kit is being pulled from Rental or Sales stock. TEqlistClass =
(emRentalClass, emSalesClass)"
"EQLISTS","Costs","MONEY","8","For Sales Lists the total of Sort.CurrentCostPrice; for Rental total of Prep
and Usage costs if Rules.RentalCostsAsMisc is FALS"
"EQLISTS","PreserveLineDiscounts","BOOLEAN","1",""
"EQLISTS","ExtensionType","BYTE","1","TEqlistExtensionType = (eetNone, eetEarlyReturn, eetLateReturn)"
"EQLISTS","IncomeCommission","DOUBLE PRECISION","8",""
"EQLISTS","ExpenditureCommission","DOUBLE PRECISION","8",""
"EQLISTS","Purpose","BYTE","1","TEqlistPurpose = (epDefault, epRentalToSales, epRentalToSalesOrder,
epSalesOrderToRental, epRentalUnreturnedSale, epRentalDamag"
"EXT_TAX","IDX","AUTOINC","4",""
"EXT_TAX","xTaxLink","INTEGER","4",""
"EXT_TAX","Name1","SHORTSTRING","16","Name1"
"EXT_TAX","Rate1","DOUBLE PRECISION","8","Rate1"
"EXT_TAX","Name2","SHORTSTRING","16","Name2"
"EXT_TAX","Rate2","DOUBLE PRECISION","8","Rate2"
"EXT_TAX","Name3","SHORTSTRING","16","Name3"
"EXT_TAX","Rate3","DOUBLE PRECISION","8","Rate3"
"EXT_TAX","Method","SMALLINT","2","Method"
"EmailAddressWarehouse","Idx","AUTOINC","4",""
"EmailAddressWarehouse","FullName","SHORTSTRING","121",""
"EmailAddressWarehouse","Email","SHORTSTRING","101",""
"EmailAddressWarehouse","xLink","INTEGER","4","Jobnumber"
"EmailAddressWarehouse","SourceTable","SHORTSTRING","26",""
"EmailAddressWarehouse","SourceField","SHORTSTRING","26",""
"EmailAddressWarehouse","CombinedData","SHORTSTRING","256",""
"EmailRecipients","Idx","AUTOINC","4","IDX"
"EmailRecipients","RecipientType","SHORTSTRING","11",""
"EmailRecipients","FullName","SHORTSTRING","51",""
"EmailRecipients","Email","SHORTSTRING","101",""
"EmailRecipients","xEmailSentMessages","INTEGER","4",""
"EmailRecipients","xEmailAddressWarehouse","INTEGER","4",""
"EmailSentLog","Idx","AUTOINC","4",""
"EmailSentLog","xEmailID","INTEGER","4",""
"EmailSentLog","xUserId","INTEGER","4",""
"EmailSentLog","SentTime","TIMESTAMP","8",""
"EmailSentLog","SentOK","BOOLEAN","1",""
"EmailSentLog","ErrorMessage","SHORTSTRING","256",""
"EmailSentLog","MessageID","SHORTSTRING","121","RFC requires a Message ID of upto 999 characters, though we generate a
MessageID 53 characters plus the senders domain, which 6"
"EmailSentMessages","Idx","AUTOINC","4",""
"EmailSentMessages","xUsers","INTEGER","4",""
"EmailSentMessages","Date","TIMESTAMP","8",""
"EmailSentMessages","Subject","SHORTSTRING","256",""
"EmailSentMessages","TextBody","CHARACTER LARGE OBJECT","8",""
"EmailSentMessages","HTMLBody","CHARACTER LARGE OBJECT","8",""
"EmailSentMessages","EmailSourceType","SHORTSTRING","26",""
"EmailSentMessages","EmailSourceIdx","INTEGER","4",""
"EmailSentMessages","Draft","BOOLEAN","1",""
"EmailSentMessages","InReplyTo","CHARACTER VARYING","1000",""
"EmailTemplateUsers","xUserIDx","INTEGER","4",""
"EmailTemplateUsers","xTemplateIDX","INTEGER","4",""
"EmailTemplateUsers","ID","AUTOINC","4",""
"EmailTemplates","Idx","AUTOINC","4",""
"EmailTemplates","xTemplateCategory","INTEGER","4","Not currently implimented"
"EmailTemplates","TemplateTitle","SHORTSTRING","51",""
"EmailTemplates","HTMLTemplate","CHARACTER LARGE OBJECT","8",""
"EmailTemplates","TextTemplate","CHARACTER LARGE OBJECT","8",""
"EmailTemplates","Subject","CHARACTER VARYING","256",""
"EmailTemplates","AllUsers","BOOLEAN","1",""
"EmailTemplatesRecipients","Idx","AUTOINC","4","IDX"
"EmailTemplatesRecipients","RecipientType","SHORTSTRING","11",""
"EmailTemplatesRecipients","FullName","SHORTSTRING","51",""
"EmailTemplatesRecipients","Email","SHORTSTRING","101",""
"EmailTemplatesRecipients","xEmailSentMessages","INTEGER","4",""
"EmailTemplatesRecipients","xEmailAddressWarehouse","INTEGER","4",""
"Email_IMAP","Idx","AUTOINC","4",""
"Email_IMAP","xuser","INTEGER","4",""
"Email_IMAP","Server","SHORTSTRING","51",""
"Email_IMAP","ServerPort","SHORTSTRING","6",""
"Email_IMAP","UserName","SHORTSTRING","51",""
"Email_IMAP","Password","SHORTSTRING","51",""
"Email_IMAP","TLS","SHORTINT","1",""
"Email_IMAP","SSL","SHORTINT","1",""
"Email_IMAP","KeepReadStatus","BOOLEAN","1","Should we mark emails as read. Default is True, which means Keep Read Status,
False means mark as read."
"Email_IMAP","ScanStartTime","TIMESTAMP","8",""
"Email_IMAP","ScanEndTime","TIMESTAMP","8",""
"Email_IMAP","IgnoreEarlierThan","TIMESTAMP","8",""
"Email_IMAP","LastError","CHARACTER LARGE OBJECT","8",""
"Email_IMAP","ReportError","BOOLEAN","1",""
"Email_Ignores","Idx","AUTOINC","4",""
"Email_Ignores","xUser","INTEGER","4","Which user is this (link to users table)"
"Email_Ignores","IgnoreData","SHORTSTRING","256","What are we looking for"
"Email_Ignores","IgnoreType","SHORTINT","1","What data - subject, email, domain"
"Email_Ignores","IgnoreDirection","SHORTINT","1","Which direction - incoming outgoing etc"
"Email_Ignores","IsPrivate","BOOLEAN","1","If Private then these msgs won''''t be auto assigned"
"Email_Incoming","Idx","AUTOINC","4",""
"Email_Incoming","Subject","SHORTSTRING","256","The Email Subject"
"Email_Incoming","From","SHORTSTRING","256","Human readable - Who the email is from as a name where available, otherwise an
address"
"Email_Incoming","To","SHORTSTRING","256","Human readable - A list of who the email is to )truncated if longer than 255
characters)"
"Email_Incoming","SentDateTime","TIMESTAMP","8","Date and Time of the email (from header)"
"Email_Incoming","Size","SHORTSTRING","21","Human readable size in K or M"
"Email_Incoming","Attachments","BOOLEAN","1","Flag to indicate attachments"
"Email_Incoming","TextBody","CHARACTER LARGE OBJECT","8","Body of Email as Text"
"Email_Incoming","HTMLBody","CHARACTER LARGE OBJECT","8","Body of Email as HTML"
"Email_Incoming","Frombinary","BINARY LARGE OBJECT","8","From data stored as an Indy TidEmailAddressList "
"Email_Incoming","ToBinary","BINARY LARGE OBJECT","8","To data stored as an Indy TidEmailAddressList"
"Email_Incoming","ccBinary","BINARY LARGE OBJECT","8","cc data stored as an Indy TidEmailAddressList"
"Email_Incoming","bccBinary","BINARY LARGE OBJECT","8","bcc data stored as an Indy TidEmailAddressList"
"Email_Incoming","MsgID","CHARACTER VARYING","1000","MsgID - RFC sets max length to 998 characters"
"Email_Incoming","InReplyTo","CHARACTER VARYING","1000","Use for threading - see MSGID for size"
"Email_Incoming","IsPrivate","BOOLEAN","1","If Private email isn''''t automatically assigned"
"Email_Incoming","MatchNarrative","CHARACTER LARGE OBJECT","8","What the user sees as a synopsis of the matches"
"Email_Incoming","ReceivedDate","TIMESTAMP","8","Date and Time record was created"
"Email_IncomingAttachments","Idx","AUTOINC","4",""
"Email_IncomingAttachments","xEmail","INTEGER","4","Link to Email_Incoming"
"Email_IncomingAttachments","FileName","SHORTSTRING","256","The Name of the attachment"
"Email_IncomingAttachments","Attachment","BINARY LARGE OBJECT","8","The Attachment."
"Email_IncomingFolders","Idx","AUTOINC","4",""
"Email_IncomingFolders","xUser","INTEGER","4",""
"Email_IncomingFolders","UID","INTEGER","4",""
"Email_IncomingFolders","FolderName","SHORTSTRING","256",""
"Email_IncomingFolders","UIDValidity","SHORTSTRING","21","A number (as string) which shouldn''''t change. If it does, then the mailbox
needs to be re-read"
"Email_IncomingMatches","Idx","AUTOINC","4",""
"Email_IncomingMatches","xEmail","INTEGER","4",""
"Email_IncomingMatches","Recordtype","SHORTSTRING","51",""
"Email_IncomingMatches","xRecord","INTEGER","4",""
"Email_IncomingMatches","MatchType","SHORTSTRING","26","Why did we match e.g rtJob and mtCrew - Job but matched on Crew"
"Email_IncomingMatches","MatchNarrative","SHORTSTRING","256","What we say we matched e.g [Person] Fred Smith"
"Email_IncomingMatches","Manually Matched","BOOLEAN","1","If the user added a match"
"Email_IncomingRecipients","Idx","AUTOINC","4",""
"Email_IncomingRecipients","xEmail","INTEGER","4","Link to the Email_Incoming Table"
"Email_IncomingRecipients","xRecipient","INTEGER","4","Link to the EmailRecipients Table"
"Email_IncomingRecipients","Rescan","BOOLEAN","1","Used to trigger a rescan"
"Email_IncomingRecipients","DelayedRescan","BOOLEAN","1","Used to trigger a rescan by the email service"
"Email_IncomingUsers","Idx","AUTOINC","4",""
"Email_IncomingUsers","xEmailIncoming","INTEGER","4","Link to an Incoming Email"
"Email_IncomingUsers","xUsers","INTEGER","4","Link to a User"
"EqSectionCategories","IDX","AUTOINC","4",""
"EqSectionCategories","Description","SHORTSTRING","51",""
"EqSections","idx","AUTOINC","4",""
"EqSections","SectionText","SHORTSTRING","256",""
"EqSections","xEqlno","INTEGER","4",""
"EqSections","sortOrder","EXTENDED","10",""
"EqSections","xSectionType","BYTE","1","0 = regular, 1 = autoscanned kit"
"EqSections","xSectionCategory","INTEGER","4",""
"EqSections","Budget","MONEY","8",""
"EqSections","Notes","CHARACTER LARGE OBJECT","8",""
"EqlistMarkUps","IDX","AUTOINC","4",""
"EqlistMarkUps","xEqlno","INTEGER","4",""
"EqlistMarkUps","xMarkupID","INTEGER","4",""
"EqlistMarkUps","xMarkupKind","INTEGER","4",""
"EqlistMarkUps","Rate","FLOAT","4",""
"EqlistMarkUps","Amount","MONEY","8",""
"EqlistMarkUps","InvoicedTotal","MONEY","8",""
"EqlistMarkUps","SalesTax","BOOLEAN","1",""
"Ext_PriceMode","IDX","AUTOINC","4",""
"Ext_PriceMode","Type","INTEGER","4","Type"
"Ext_PriceMode","PriceMode","INTEGER","4","PriceMode"
"Ext_PriceMode","Currency","INTEGER","4","Currency"
"Ext_PriceMode","Weekly","INTEGER","4","Weekly"
"Ext_PriceMode","Rate","MONEY","8","Rate"
"Ext_PriceModeLkp","Idx","AUTOINC","4","Idx"
"Ext_PriceModeLkp","Description","SHORTSTRING","21","Description"
"Ext_PriceModeLkp","Currency","INTEGER","4","Currency"
"Ext_PriceModeLkp","Acquisition","BOOLEAN","1","Price scheme is for purchases"
"ExternalNumbers","Idx","AUTOINC","4",""
"ExternalNumbers","ExternalRef","SHORTSTRING","26",""
"ExternalNumbers","xInternal","INTEGER","4",""
"ExternalNumbers","DateCreated","TIMESTAMP","8",""
"ExternalNumbers","TNumberType","BYTE","1",""
"ExternalNumbers","xSite","BYTE","1",""
"FeatureCollections","UID","AUTOINC","4",""
"FeatureCollections","CollectionName","SHORTSTRING","51","e.g. Warehouse"
"FeatureCollectionsLkp","idx","AUTOINC","4",""
"FeatureCollectionsLkp","xFeatureCollection","SMALLINT","2",""
"FeatureCollectionsLkp","xFeatureID","SMALLINT","2",""
"FeatureCollectionsLkp","SecurityLevel","BYTE","1","TSecurityLevel"
"Features","UID","AUTOINC","4",""
"Features","FeatureGroup","BYTE","1","THireTrackFeatureGroups"
"Features","FeatureEnum","SHORTSTRING","51","THireTrackFeature"
"Features","DataSecurity","BOOLEAN","1",""
"FreeText","idx","AUTOINC","4",""
"FreeText","fText","SHORTSTRING","256",""
"GlobalDispatch","IDX","AUTOINC","4",""
"GlobalDispatch","Title","CHARACTER VARYING","101",""
"GlobalDispatch","CreationDate","TIMESTAMP","8",""
"GlobalDispatch","xCreatedBy","INTEGER","4",""
"GlobalDispatch","ExpectedStartDate","DATE","4",""
"GlobalDispatch","CompletedDate","TIMESTAMP","8",""
"GlobalDispatchJobs","IDX","AUTOINC","4",""
"GlobalDispatchJobs","xGlobalDispatch","INTEGER","4",""
"GlobalDispatchJobs","xJob","INTEGER","4",""
"GlobalDispatchJobs","CreationDate","TIMESTAMP","8",""
"GlobalDispatchJobs","xCreatedBy","INTEGER","4",""
"GlobalDispatchLoadPreps","IDX","AUTOINC","4",""
"GlobalDispatchLoadPreps","xLoad","INTEGER","4",""
"GlobalDispatchLoadPreps","xPrep","INTEGER","4",""
"GlobalDispatchLoads","IDX","AUTOINC","4",""
"GlobalDispatchLoads","LoadName","CHARACTER VARYING","51",""
"GlobalDispatchLoads","Reference","CHARACTER VARYING","51",""
"GlobalDispatchLoads","xGlobalDispatch","INTEGER","4",""
"GlobalDispatchLoads","CreationDate","TIMESTAMP","8",""
"GlobalDispatchLoads","xCreatedBy","INTEGER","4",""
"GlobalReturnsHeader","IDX","AUTOINC","4",""
"GlobalReturnsHeader","Title","SHORTSTRING","101",""
"GlobalReturnsHeader","xCreatedBy","INTEGER","4",""
"GlobalReturnsHeader","CreatedDate","TIMESTAMP","8",""
"GlobalReturnsHeader","Closed","BOOLEAN","1",""
"GlobalReturnsHeader","GlobalReturnsType","BYTE","1","TGlobalReturnsType = (grtHireTrack, grtStandalone)"
"Hetype","Type","AUTOINC","4","Type"
"Hetype","Description","SHORTSTRING","256","Description"
"Hetype","Category","INTEGER","4","Default is for system category ""New Equipment"""
"Hetype","EquipmentType","BYTE","1","TEquipmentType"
"Hetype","Weekly","INTEGER","4","Weekly"
"Hetype","Daily","MONEY","8","Daily"
"Hetype","PatTest","INTEGER","4","Preferred Supplier"
"Hetype","UserT3","INTEGER","4","Alias Type"
"Hetype","MaxDiscount","DECIMAL","8",""
"Hetype","Visibility","BYTE","1","see TEquipmentVisibility (replaces ServiceReqd)"
"Hetype","Comments","SHORTSTRING","101","Comments"
"Hetype","Weight","DOUBLE PRECISION","8","Weight"
"Hetype","Height","DOUBLE PRECISION","8","Height"
"Hetype","Length","DOUBLE PRECISION","8","Length"
"Hetype","Width","DOUBLE PRECISION","8","Width"
"Hetype","Country","SHORTSTRING","31","Country"
"Hetype","Replacement","MONEY","8","Replacement"
"Hetype","Virt","BOOLEAN","1","Virt"
"Hetype","Alias","BOOLEAN","1","Alias"
"Hetype","Shortcode","SHORTSTRING","16","Shortcode - UPC if New Sales"
"Hetype","Daily2","MONEY","8","Daily2"
"Hetype","Daily3","MONEY","8","Daily3"
"Hetype","Weekly2","SMALLINT","2","Weekly2"
"Hetype","Weekly3","SMALLINT","2","Weekly3"
"Hetype","SortOrder","FLOAT","4","SortOrder"
"Hetype","Weekly4","SMALLINT","2","Weekly4"
"Hetype","Daily4","MONEY","8","Daily4"
"Hetype","Replacement2","MONEY","8","Replacement2"
"Hetype","Replacement3","MONEY","8","Replacement3"
"Hetype","Replacement4","MONEY","8","Replacement4"
"Hetype","DefNominal","INTEGER","4","DefNominal"
"Hetype","LongDescription","CHARACTER LARGE OBJECT","8","LongDescription"
"Hetype","User1","BOOLEAN","1","User1"
"Hetype","User2","BOOLEAN","1","User2"
"Hetype","User3","BOOLEAN","1","User3"
"Hetype","DepreciationType","SMALLINT","2","DepreciationType"
"Hetype","DepreciationPeriod","SMALLINT","2","LEGACY"
"Hetype","xSimilar","INTEGER","4",""
"Hetype","RoadCase","BOOLEAN","1",""
"Hetype","DailyCostA","MONEY","8",""
"Hetype","DailyCostB","MONEY","8",""
"Hetype","DailyCostC","MONEY","8",""
"Hetype","DailyCostD","MONEY","8",""
"Hetype","PrepCostA","MONEY","8",""
"Hetype","PrepCostB","MONEY","8",""
"Hetype","PrepCostC","MONEY","8",""
"Hetype","PrepCostD","MONEY","8",""
"Hetype","UserInt1","DECIMAL","8",""
"Hetype","UserInt2","DECIMAL","8",""
"Hetype","UserInt3","DECIMAL","8",""
"Hetype","aGUID","GUID","16","No Default please!"
"Hetype","xManufacturer","INTEGER","4","Manufacturer"
"Hetype","ModuleNumber","SHORTSTRING","31","NOT USED - FOR FUTURE EXPANSION"
"Hetype","MinStocklevel","INTEGER","4","NOT USED - FOR FUTURE EXPANSION"
"Hetype","PowerUsage","DECIMAL","8","Power Usage"
"Hetype","ResidualValueA","MONEY","8","Depreciation Residual Value"
"Hetype","ResidualValueB","MONEY","8","Depreciation Residual Value"
"Hetype","ResidualValueC","MONEY","8","Depreciation Residual Value"
"Hetype","ResidualValueD","MONEY","8","Depreciation Residual Value"
"Hetype","Class","BYTE","1","ecRental, ecConsumable, ecNewSales,ecExRentalSales (0..3)"
"Hetype","ToRental","INTEGER","4","Linked type when transfering stock"
"Hetype","ToConsumable","INTEGER","4","Linked type when transfering stock"
"Hetype","ToNewSales","INTEGER","4","Linked type when transfering stock"
"Hetype","ToExRentalSales","INTEGER","4","Linked type when transfering stock"
"Hetype","ReorderQuant","INTEGER","4","How many new sales parts to order"
"Hetype","LowStockWarning","INTEGER","4","Warning if stock is this low"
"Hetype","DesiredStockHolding","INTEGER","4","How many we link to keep in stock"
"Hetype","MPN","SHORTSTRING","26","Manufacturers Part Number"
"Hetype","AcquisitionCostA","MONEY","8","The default cost to purchase or subhire in"
"Hetype","AcquisitionCostB","MONEY","8","The default cost to purchase or subhire in"
"Hetype","AcquisitionCostC","MONEY","8","The default cost to purchase or subhire in"
"Hetype","AcquisitionCostD","MONEY","8","The default cost to purchase or subhire in"
"Hetype","AcquisitionSchemeA","SMALLINT","2","The default price scheme for purchase or subhire in"
"Hetype","AcquisitionSchemeB","SMALLINT","2","The default price scheme for purchase or subhire in"
"Hetype","AcquisitionSchemeC","SMALLINT","2","The default price scheme for purchase or subhire in"
"Hetype","AcquisitionSchemeD","SMALLINT","2","The default price scheme for purchase or subhire in"
"Hetype","SWL","INTEGER","4",""
"Hetype","HSN","SHORTSTRING","21","Harmonized System of Nomenclature"
"Hetype","ExcludeFromMarkups","BOOLEAN","1","Allows specefic types to be excludes from Markup calculations on an equipment list"
"Hetype","ISO2","SHORTSTRING","3","Two character ISO country for COO"
"Hetype","ISO3","SHORTSTRING","4","Three character ISO country for COO"
"Hetype","PrePack","BOOLEAN","1","Activates PrePack functionality"
"Hetype","WarehouseScansOnly","BOOLEAN","1","if true then this type cannot be counted through warehouse operations"
"INT_AccountsExport","Idx","AUTOINC","4",""
"INT_AccountsExport","RecordNumber","INTEGER","4",""
"INT_AccountsExport","LinkedTable","INTEGER","4","0=Invoice, 1 = Purchase"
"INT_AccountsExport","ExportTime","TIMESTAMP","8",""
"INT_AccountsExport","ExportBy","CHARACTER VARYING","41",""
"INT_FinancialHistory","IDX","AUTOINC","4",""
"INT_FinancialHistory","AccRef","SHORTSTRING","13",""
"INT_FinancialHistory","AccountStatus","INTEGER","4",""
"INT_FinancialHistory","Aged30","MONEY","8",""
"INT_FinancialHistory","Aged60","MONEY","8",""
"INT_FinancialHistory","Aged90","MONEY","8",""
"INT_FinancialHistory","AgedCurrent","MONEY","8",""
"INT_FinancialHistory","AgedOlder","MONEY","8",""
"INT_FinancialHistory","CreditLimit","MONEY","8",""
"INT_FinancialHistory","CurrentBalance","MONEY","8",""
"INT_FinancialHistory","OnStop","BOOLEAN","1",""
"INT_FinancialHistory","ModfiedDate","TIMESTAMP","8",""
"INT_FinancialHistory","CurrencyID","BYTE","1",""
"INVDATA","Invkey","AUTOINC","4","Invkey"
"INVDATA","Invno","INTEGER","4","Invno"
"INVDATA","Quantity","DOUBLE PRECISION","8","Quantity"
"INVDATA","Inv_text","CHARACTER LARGE OBJECT","8","Inv_text"
"INVDATA","PreDiscountTotal","MONEY","8",""
"INVDATA","LineDiscount","DOUBLE PRECISION","8",""
"INVDATA","Inv_amount","MONEY","8","Inv_amount"
"INVDATA","LineTotal","MONEY","8",""
"INVDATA","xTaxCode","SMALLINT","2",""
"INVDATA","Tax_rate","DOUBLE PRECISION","8","Tax_rate"
"INVDATA","TaxAmount","DOUBLE PRECISION","8",""
"INVDATA","Sort_Link","INTEGER","4","actual an income link to Eqlists, Crew, Tranplan or Costs"
"INVDATA","Notes","CHARACTER LARGE OBJECT","8",""
"INVDATA","xGeneralCostCentre","BYTE","1","see TGeneralCostCentre"
"INVDATA","xNominal","INTEGER","4",""
"INVDATA","RowType","BYTE","1","Set TRowType"
"INVDATA","MasterRowGUID","GUID","16","Binds Heading and Data rows"
"INVDATA","xMasterRow","GUID","16",""
"INVDATA","Visible","BOOLEAN","1",""
"INVDATA","xOriginalChargeLine","INTEGER","4","For Credit lines Only. Looks up master"
"INVDATA","SubCostCentre","BYTE","1","TSubCostCentre = (sccCrewOld, sccCrewMainAmount, sccCrewPDsAmount, sccCrewTravelAmount, sccCrewOvertimeAmount)"
"I_MASTER","MasterNo","INTEGER","4","MasterNo"
"I_MASTER","Frequency","INTEGER","4","Frequency"
"I_MASTER","StartDate","DATE","4","StartDate"
"I_MASTER","EndDate","DATE","4","EndDate"
"I_MASTER","No_of_invoices","INTEGER","4","No_of_invoices"
"I_MASTER","MasterInvoice","INTEGER","4","MasterInvoice"
"I_MASTER","SplitMode","INTEGER","4","SplitMode"
"I_MASTER","SuppressMaster","BOOLEAN","1","SuppressMaster"
"I_MASTER","Ordinal","INTEGER","4","Ordinal"
"I_MASTER","Day","INTEGER","4","Day"
"ImageTypes","IDX","AUTOINC","4",""
"ImageTypes","Description","CHARACTER VARYING","101","e.g. signature, passport scan etc"
"ImageTypes","ExactDimensionsNeeded","BOOLEAN","1",""
"ImageTypes","ExactHeight","WORD","2",""
"ImageTypes","ExactWidth","WORD","2",""
"ImageTypes","ItemImageClass","BYTE","1","TItemImageClass = (iicUnspecified ,iicEquipmentType, iicUser, iicRepair, iicPAT)"
"InventoryLogs","IDX","AUTOINC","4",""
"InventoryLogs","ChangeNarrative","SHORTSTRING","256",""
"InventoryLogs","ChangedTableName","SHORTSTRING","26",""
"InventoryLogs","ChangeAction","BYTE","1","TTableAction = (taInsert, taUpdate, taDelete)"
"InventoryLogs","ChangedRecordID","INTEGER","4",""
"InventoryLogs","ChangeInfo","CHARACTER LARGE OBJECT","8",""
"InventoryLogs","ChangeDate","TIMESTAMP","8",""
"InventoryLogs","LogGroup","BYTE","1","TInventoryLogGroup(ilType, ilItem, ilCategory, ilMasterCategory, ilRepair....)"
"InventoryLogs","xUser","INTEGER","4",""
"InventoryLogs","ChangeMeaning","BYTE","1","TInventoryLogMeaning = (lmCreated, ilmRepairStatus, ilmRepairCompletedDate"
"Invoice","Invoice_count","AUTOINC","4","Invoice_count"
"Invoice","Job","INTEGER","4","Job"
"Invoice","Inv_no","SHORTSTRING","21","Inv_no"
"Invoice","Inv_Date","DATE","4","Inv_Date"
"Invoice","DocType","BYTE","1","see TAccountsDocument"
"Invoice","Our_Ref","SHORTSTRING","31","Our_Ref"
"Invoice","Your_Ref","SHORTSTRING","31","Your_Ref"
"Invoice","Client","INTEGER","4","Client"
"Invoice","Company","BOOLEAN","1","Company"
"Invoice","Name","SHORTSTRING","51","Name"
"Invoice","Address1","SHORTSTRING","51","Address1"
"Invoice","Address2","SHORTSTRING","51","Address2"
"Invoice","Address3","SHORTSTRING","51","Address3"
"Invoice","Town","SHORTSTRING","51","Town"
"Invoice","County","SHORTSTRING","51","County"
"Invoice","Postcode","SHORTSTRING","51","Postcode"
"Invoice","Country","SHORTSTRING","51","Country"
"Invoice","Telephone","SHORTSTRING","51","Telephone"
"Invoice","Facsimile","SHORTSTRING","51","Facsimile"
"Invoice","Terms","INTEGER","4","Terms"
"Invoice","Due","DATE","4","Due"
"Invoice","xShipTo","INTEGER","4","new lookup for ShipTo"
"Invoice","T1","SHORTSTRING","51","Ship To NAME"
"Invoice","T2","SHORTSTRING","51","Ship To ADD1"
"Invoice","T3","SHORTSTRING","51","Ship To ADD2"
"Invoice","T4","SHORTSTRING","51","Ship To ADD3"
"Invoice","T5","SHORTSTRING","51","Ship To Town"
"Invoice","T6","SHORTSTRING","51","Ship To Couonty"
"Invoice","T7","SHORTSTRING","51","Ship To PostCode"
"Invoice","T8","SHORTSTRING","51","Ship To Country"
"Invoice","T9","SHORTSTRING","51","T9"
"Invoice","Totalex","MONEY","8","Totalex"
"Invoice","Vat","MONEY","8","Vat"
"Invoice","Totalinc","MONEY","8","Totalinc"
"Invoice","VATtable","CHARACTER LARGE OBJECT","8","VATtable"
"Invoice","Notes","CHARACTER LARGE OBJECT","8","Notes"
"Invoice","HireDiscountRate","SMALLINT","2","legacy"
"Invoice","HireDiscount","MONEY","8","legacy"
"Invoice","SaleDiscountRate","SMALLINT","2","legacy"
"Invoice","SaleDiscount","MONEY","8","legacy"
"Invoice","CrewDiscountRate","SMALLINT","2","legacy"
"Invoice","CrewDiscount","MONEY","8","legacy"
"Invoice","TransportDiscountRate","SMALLINT","2","legacy"
"Invoice","TransportDiscount","MONEY","8","legacy"
"Invoice","ExtraDiscountRate","DOUBLE PRECISION","8","legacy"
"Invoice","ExtraDiscountValue","MONEY","8","legacy"
"Invoice","xCreatedBy","INTEGER","4",""
"Invoice","CreatedDate","TIMESTAMP","8",""
"Invoice","xModifiedBy","INTEGER","4",""
"Invoice","ModifiedDate","TIMESTAMP","8",""
"Invoice","PrimarySite","SMALLINT","2","PrimarySite"
"Invoice","Currency","SMALLINT","2","Currency"
"Invoice","Printed","BOOLEAN","1","Printed"
"Invoice","Posted","BOOLEAN","1",""
"Invoice","Paid","BOOLEAN","1","Paid"
"Invoice","CreditedTotalEx","MONEY","8",""
"Invoice","CreditedTotalInc","MONEY","8",""
"Invoice","IsMaster","BOOLEAN","1",""
"Invoice","InvoicingOptions","CHARACTER LARGE OBJECT","8","TInvoicingOptions"
"Invoice","xInvoice","INTEGER","4","Only for Credit Notes. Refers to original record"
"Invoice","ChargingPercentage","FLOAT","4",""
"Invoice","PaidDate","DATE","4",""
"Invoice","XMLGenerationStatus","BYTE","1","TXMLGenerationStatus = (xgsNone, xgsFailed, xgsPassed)"
"Invoice","XML","CHARACTER LARGE OBJECT","8","Where we store generated XML or any issues with generating XML for an e-invoice"
"Item","Barcode","SHORTSTRING","21","Barcode"
"Item","Type","INTEGER","4","Equipment Type"
"Item","Lasttest","SHORTSTRING","21","Stock #"
"Item","Notes","CHARACTER LARGE OBJECT","8",""
"Item","Int1","INTEGER","4","Owner Site (for audit purposes only, not stocklevels)"
"Item","Homelocation","INTEGER","4","Warehouse where the item lives (related to stocklevels for that warehouse)"
"Item","Lastservice","INTEGER","4","Warehouse where the item currently is (relates to loans)"
"Item","LastSpass","BOOLEAN","1","LastSpass"
"Item","LastSdate","TIMESTAMP","8","LastSdate"
"Item","SerialNo","SHORTSTRING","51","SerialNo"
"Item","PurchPrice","MONEY","8","PurchPrice"
"Item","PurchDate","DATE","4","PurchDate"
"Item","CurrentJob","INTEGER","4","Last eqlist ID that item was dispatched on"
"Item","Itemref","AUTOINC","4","Unique ID field for record"
"Item","Incase","INTEGER","4","Consignment Owner"
"Item","Lcurrent","INTEGER","4","Last eqlist line that item was dispatched on"
"Item","Ret","BOOLEAN","1","Legacy - to be removed"
"Item","Deleted","BOOLEAN","1","Legacy - to be removed"
"Item","BarcodeType","BYTE","1","0 = Owned, 1 = Floating, 2 = Consigned"
"Item","CommissionStatus","BYTE","1","0 = Available, 1=Cannot Find, 2 = In Repair, 3 = Retired, 4 = Disposed"
"Item","Costcentre","INTEGER","4","Stock In Audit Link"
"Item","HoursUsed","INTEGER","4","Stock Out Audit Link"
"Item","xStockIn","INTEGER","4","WHAudit IN link - will change when HomeLocation is changed"
"Item","xStockOut","INTEGER","4","WHAudit OUTlink - will change when HomeLocation is changed"
"Item","Currency","SMALLINT","2","Currency"
"Item","LastOperation","INTEGER","4","Last Warehouse operation doc ID"
"Item","LastOpType","BYTE","1","TWarehouseOp "
"Item","LastWarehouseBay","BYTE","1","TWarehouseBay"
"Item","NoIndependentScans","BOOLEAN","1",""
"Item","xLoanExchange","INTEGER","4","Has an empheral value that links a barcode kept with a barcode it was swapped with.It should be cleared when a barcode is scanne"
"Item","OnLoan","BOOLEAN","1",""
"Item","Created","TIMESTAMP","8",""
"Item","xBatch","INTEGER","4","(Link to Batch Table for Sales)"
"Item","xLocation","INTEGER","4",""
"Item","ManufactureDate","DATE","4",""
"Item","xDisposedItem","INTEGER","4",""
"Item","xTransferredToItem","INTEGER","4",""
"Item","LastOpScan","INTEGER","4","Last scan ID that is not a Carnet"
"Item","PrePackMode","BYTE","1","TPrePackMode = (ppmEmpty, ppmFreeForm, ppmTemplate)"
"Item","PrePackCompletion","BYTE","1","TPrePackCompletion = (ppcNotApplicable, ppcNone, ppcPartial, ppcFull)"
"Item","xTemplateType","INTEGER","4","looks up PrePackTemplatesTypes  if PrePackMode = ppmTemplate (2)"
"Item","xBatchDisposal","INTEGER","4","link to BatchItemDisposals"
"ItemPics","IDX","AUTOINC","4",""
"ItemPics","ItemID","INTEGER","4",""
"ItemPics","Image","IMAGE","8",""
"ItemPics","ImageClassName","SHORTSTRING","26",""
"ItemPics","IsDefault","BOOLEAN","1",""
"ItemPics","xImageType","INTEGER","4",""
"ItemPics","OriginalImageSource","CHARACTER VARYING","101",""
"ItemPics","PictureDateTime","TIMESTAMP","8",""
"ItemsBatch","Idx","AUTOINC","4",""
"ItemsBatch","Description","SHORTSTRING","51",""
"ItemsBatch","xType","INTEGER","4",""
"JOBS","JobNo","AUTOINC","4","JobNo"
"JOBS","Client","INTEGER","4","Customer"
"JOBS","Status","SMALLINT","2","Status"
"JOBS","Job_Ref","SHORTSTRING","21","Job Ref"
"JOBS","Job_Title","SHORTSTRING","51","Job Title"
"JOBS","Notes","CHARACTER LARGE OBJECT","8","Notes"
"JOBS","Due Out","TIMESTAMP","8","Due Out"
"JOBS","Due Back","TIMESTAMP","8","Due Back"
"JOBS","Venue","INTEGER","4","Venue"
"JOBS","Type","INTEGER","4","Type"
"JOBS","Handler","INTEGER","4","Job Handler"
"JOBS","SalesPerson","SMALLINT","2","Sales Handler"
"JOBS","xTaxAddress","INTEGER","4","tax override"
"JOBS","Name","SHORTSTRING","51","Name"
"JOBS","Address1","SHORTSTRING","51","Address1"
"JOBS","Address2","SHORTSTRING","51","Address2"
"JOBS","Address3","SHORTSTRING","51","Address3"
"JOBS","Town","SHORTSTRING","51","Town"
"JOBS","County","SHORTSTRING","51","County"
"JOBS","Country","SHORTSTRING","51","Country"
"JOBS","Telephone","SHORTSTRING","51","Telephone"
"JOBS","Facsimile","SHORTSTRING","51","Facsimile"
"JOBS","Company","BOOLEAN","1","Company"
"JOBS","Postcode","SHORTSTRING","51","Postcode"
"JOBS","PrimarySite","SMALLINT","2","PrimarySite"
"JOBS","Cellular","SHORTSTRING","26","Cellular"
"JOBS","Currency","SMALLINT","2","Currency"
"JOBS","WarehouseSites","BIGINT","8",""
"JOBS","Budget","MONEY","8",""
"JOBS","OrderNumber","SHORTSTRING","31",""
"JOBS","CreatedBy","INTEGER","4","Created By"
"JOBS","CreatedDate","TIMESTAMP","8",""
"JOBS","ConfirmedBy","INTEGER","4",""
"JOBS","ConfirmedDate","TIMESTAMP","8",""
"JOBS","ModifiedBy","INTEGER","4",""
"JOBS","ModifiedDate","TIMESTAMP","8",""
"JOBS","LastQuotedEquipment","MONEY","8","Total of Eqlist Income in last generated Quote report"
"JOBS","LastQuotedCrew","MONEY","8","Total of Crew Income in last generated Quote report"
"JOBS","LastQuotedTransport","MONEY","8","Total of Transport Income in last generated Quote report"
"JOBS","LastQuotedMiscCosts","MONEY","8","Total of Misc Income in last generated Quote report"
"JOBS","AllQuotedEquipment","MONEY","8","Total of all Eqlist Income on generated Quote reports"
"JOBS","AllQuotedCrew","MONEY","8","Total of all Crew Income on generated Quote reports"
"JOBS","AllQuotedTransport","MONEY","8","Total of all Transport Income on generated Quote reports"
"JOBS","AllQuotedMisc","MONEY","8","Total of all Misc Income on generated Quote reports"
"JOBS","PredictedEquipmentQuoteIncome","MONEY","8","Total of all Eqlist Income on Job at Quote Status"
"JOBS","PredictedEquipmentProvisionalIncome","MONEY","8","Total of all Eqlist Income on Job at Provisional Status"
"JOBS","PredictedEquipmentConfirmedPlusIncome","MONEY","8","Total of all Eqlist Income on Job at Confirmed+Status"
"JOBS","PredictedCrewQuoteIncome","MONEY","8","Total of all Crew Income on Job at Quote Status"
"JOBS","PredictedCrewProvisionalIncome","MONEY","8","Total of all Crew Income on Job at Provisional Status"
"JOBS","PredictedCrewConfirmedPlusIncome","MONEY","8","Total of all Crew Income on Job at Confirmed+Status"
"JOBS","PredictedTransportQuoteIncome","MONEY","8","Total of all Transport Income on Job at Quote Status"
"JOBS","PredictedTransportProvisionalIncome","MONEY","8","Total of all Transport Income on Job at Provisional Status"
"JOBS","PredictedTransportConfirmedPlusIncome","MONEY","8","Total of all Transport Income on Job at Confirmed+Status"
"JOBS","PredictedMiscQuoteIncome","MONEY","8","Total of all Misc Income on Job at Quote Status"
"JOBS","PredictedMiscProvisionalIncome","MONEY","8","Total of all Misc Income on Job at Provisional Status"
"JOBS","PredictedMiscConfirmedPlusIncome","MONEY","8","Total of all Misc Income on Job at Confirmed+Status"
"JOBS","AnticpatedEquipmentQuoteCosts","MONEY","8","Total of all Subhire Costs on Job at Quote Status"
"JOBS","AnticpatedEquipmentProvisionalCosts","MONEY","8","Total of all Subhire Costs on Job at Provisional Status"
"JOBS","AnticpatedEquipmentConfirmedPlusCosts","MONEY","8","Total of all Subhire Costs on Job at Confirmed+Status"
"JOBS","AnticpatedCrewQuoteCosts","MONEY","8","Total of all Crew Costs on Job at Quote Status"
"JOBS","AnticpatedCrewProvisionalCosts","MONEY","8","Total of all Crew Costs on Job at Provisional Status"
"JOBS","AnticpatedCrewConfirmedPlusCosts","MONEY","8","Total of all Crew Costs on Job at Confirmed+Status"
"JOBS","AnticpatedTransportQuoteCosts","MONEY","8","Total of all Transport Costs on Job at Quote Status"
"JOBS","AnticpatedTransportProvisionalCosts","MONEY","8","Total of all Transport Costs on Job at Provisional Status"
"JOBS","AnticpatedTransportConfirmedPlusCosts","MONEY","8","Total of all Transport Costs on Job at Confirmed+Status"
"JOBS","AnticpatedMiscQuoteCosts","MONEY","8","Total of all Misc Costs on Job at Quote Status"
"JOBS","AnticpatedMiscProvisionalCosts","MONEY","8","Total of all Misc Costs on Job at Provisional Status"
"JOBS","AnticpatedMiscConfirmedPlusCosts","MONEY","8","Total of all Misc Costs on Job at Confirmed+Status"
"JOBS","InvoicedEqlist","MONEY","8","Total Invoiced for Eqlists On Job"
"JOBS","InvoicedCrew","MONEY","8","Total Invoiced for Crew On Job"
"JOBS","InvoicedTransport","MONEY","8","Total Invoiced for Transport On Job"
"JOBS","InvoicedMisc","MONEY","8","Total Invoiced for Misc Income On Job"
"JOBS","OrderedEqlist","MONEY","8","Total Purchased for Subhires On Job"
"JOBS","OrderedCrew","MONEY","8","Total Purchased for Crew On Job"
"JOBS","OrderedTransport","MONEY","8","Total Purchased for Transport On Job"
"JOBS","OrderedMisc","MONEY","8","Total Purchased for Misc Costs On Job"
"JOBS","InvoicesReceivedEqlist","MONEY","8","Total Invoices Received for Subhire POs On Job"
"JOBS","InvoicesReceivedCrew","MONEY","8","Total Invoices Received for Crew POs On Job"
"JOBS","InvoicesReceivedTransport","MONEY","8","Total Invoices Received for Transport POs On Job"
"JOBS","InvoicesReceivedMisc","MONEY","8","Total Invoices Received for Misc Costs POs On Job"
"JOBS","PredictedQuoteStatusProfit","MONEY","8","Total Predicted Income - Total Predicted Costs at Quote Status"
"JOBS","PredictedProvisionalStatusProfit","MONEY","8","Total Predicted Income - Total Predicted Costs at Provisional Status"
"JOBS","PredictedConfirmedPlusStatusProfit","MONEY","8","Total Predicted Income - Total Predicted Costs at Confirmed+ Status"
"JOBS","AccountingProfit","MONEY","8","Total Invoiced - Total Purchased"
"JOBS","Invoiced","BOOLEAN","1",""
"JOBS","Locked","BOOLEAN","1",""
"JOBS","Upgraded","BOOLEAN","1",""
"JOBS","xMainVenue","INTEGER","4",""
"JOBS","xAntiFraudAction","BYTE","1",""
"JOBS","InvoiceState","BYTE","1","TJobInvoiceState = (jisNothingToInvoice, jisDoNotInvoice,jisNothingInvoicedYet,
jisPartiallyInvoiced, jisFullyInvoiced)"
"JOBS","JobCommissionType","BYTE","1",""
"JOBS","RentalIncomeCommission","DOUBLE PRECISION","8",""
"JOBS","CrewIncomeCommission","DOUBLE PRECISION","8",""
"JOBS","TransportIncomeCommission","DOUBLE PRECISION","8",""
"JOBS","MiscIncomeCommission","DOUBLE PRECISION","8",""
"JOBS","RentalExpenditureCommission","DOUBLE PRECISION","8",""
"JOBS","CrewExpenditureCommission","DOUBLE PRECISION","8",""
"JOBS","TransportExpenditureCommission","DOUBLE PRECISION","8",""
"JOBS","MiscExpenditureCommission","DOUBLE PRECISION","8",""
"JOBS","SplitCommissionNotOnConsumables","BOOLEAN","1","Functionality is actualy ""CommissionNotOnConsumables"", meaning exclude
Consumabables from the commmission calculation"
"JOBS","DirtyTax","BOOLEAN","1",""
"JOBS","AnticpatedSalesQuoteCosts","MONEY","8","Total of all Eqlists.Costs values on Job at Confirmed+ Status"
"JOBS","AnticpatedSalesProvisionalCosts","MONEY","8","Total of all Eqlists.Costs values on Job at ProvisionalStatus"
"JOBS","AnticpatedSalesConfirmedPlusCosts","MONEY","8","Total of all Eqlists.Costs values on Job at Quote Status"
"JOBS","EquipmentCostEstimate","MONEY","8",""
"JOBS","CrewCostEstimate","MONEY","8",""
"JOBS","TransportCostEstimate","MONEY","8",""
"JOBS","MiscCostEstimate","MONEY","8",""
"JOBS","xAuthorisedForQuotingDate","TIMESTAMP","8",""
"JOBS","xAuthorisedForQuotingBy","INTEGER","4",""
"JOBS","AuthorisedForQuotingLimit","MONEY","8",""
"JOBS","JobCommissionFromVenue","BOOLEAN","1",""
"JOBS","CommissionNotOnAdditionals","BOOLEAN","1","As per ""CommissionNotOnConsumables"", meaning exclude Additional Charges from
the commmission calculation"
"JOBS","CommissionAsCost","BOOLEAN","1","FALSE would mean that commission is subtracted from Revenue when calculating
profitablity figures instead of adding to Costs, w"
"JOBS","NewCrewing","BOOLEAN","1","Determines whether a Job works with the new Crewing module"
"JOBS","xCrewManager","INTEGER","4","Manager (Crew Boss) in the new Crewing module. RI with Name2"
"JOBS","xCrewCoordinator","INTEGER","4","Person responsible for booking and ordering Crew"
"JOBS","CrewNotes","CHARACTER LARGE OBJECT","8",""
"JOBS","LegacyCrewingOnly","BOOLEAN","1",""
"JOBS","JobVisibility","BYTE","1","TJobVisibility = (jvEverywhere, jvNotInSearches)"
"JobFinances","IDX","AUTOINC","4",""
"JobFinances","xJob","INTEGER","4",""
"JobFinances","IsIncome","BOOLEAN","1",""
"JobFinances","xCostCentreID","INTEGER","4","e.g. Eqlist.Eqlno, Costs.IDX etc"
"JobFinances","xGeneralCostCentre","BYTE","1","see TGeneralCostCentre"
"JobFinances","xInternalCostCentre","BYTE","1","see TInternalCostCentre"
"JobFinances","xStatus","SMALLINT","2",""
"JobFinances","LastQuotedDate","TIMESTAMP","8",""
"JobFinances","QuotedPrice","MONEY","8",""
"JobFinances","ActualPrice","MONEY","8",""
"JobFinances","InvoicedPrice","MONEY","8",""
"JobFinances","Reference","CHARACTER VARYING","51",""
"JobFinances","Title","SHORTSTRING","256",""
"JobFinances","SubCostCentre","BYTE","1","TSubCostCentre = (sccCrewOld, sccCrewMainAmount, sccCrewPDsAmount, sccCrewTravelAmount, sccCrewOvertimeAmount);"
"JobLogs","IDX","AUTOINC","4",""
"JobLogs","xJob","INTEGER","4",""
"JobLogs","ChangeNarrative","SHORTSTRING","256",""
"JobLogs","ChangedTableName","SHORTSTRING","26",""
"JobLogs","ChangeAction","BYTE","1","TTableAction = (taInsert, taUpdate, taDelete)"
"JobLogs","ChangedRecordID","INTEGER","4",""
"JobLogs","ChangeInfo","CHARACTER LARGE OBJECT","8",""
"JobLogs","ChangeDate","TIMESTAMP","8",""
"JobLogs","LogGroup","BYTE","1"," TJobLogGroup = (jlgHeader, jlgEqlist, jlgSubhire, jlgCrew, jlgTransport,



jlgMiscCosts, jlgCorrespondence, jlgFinances, j"
"JobLogs","xUser","INTEGER","4",""
"JobLogs","ChangeMeaning","BYTE","1"," TJobLogMeaning = (jlmCreated, jlmJobRefChange, jlmJobTitleChange,
jlmJobStatushange, jlmJobDatesChange, jlmQuoteValueChange)"
"JobLogs","xStatusMonitor","BYTE","1"," TStatusMonitor = (smInitialStatus, smOldStatus, smCurrentStatus)"
"JobNarrativeAreas","Idx","AUTOINC","4",""
"JobNarrativeAreas","Title","CHARACTER VARYING","51",""
"JobNarrativeAreasToJobTypes","Idx","AUTOINC","4",""
"JobNarrativeAreasToJobTypes","xJobNarrativeArea","INTEGER","4",""
"JobNarrativeAreasToJobTypes","xJobType","INTEGER","4",""
"JobNarratives","IDX","AUTOINC","4",""
"JobNarratives","xJob","INTEGER","4",""
"JobNarratives","Narrative","CHARACTER LARGE OBJECT","8","Store the Rich Text Narrative for the job"
"JobNarratives","xJobNarrativeAreas","INTEGER","4",""
"JobNarratives","Active","BOOLEAN","1",""
"Lookups_LOG","IDX","AUTOINC","4",""
"Lookups_LOG","TableName","SHORTSTRING","31",""
"Lookups_LOG","MasterID","INTEGER","4",""
"Lookups_LOG","ActionID","INTEGER","4",""
"Lookups_LOG","EditDate","TIMESTAMP","8",""
"MSKPick","IDX","AUTOINC","4",""
"MSKPick","Typeref","INTEGER","4","Typeref"
"MSKPick","Site","INTEGER","4","Site"
"MagicKeys","Idx","AUTOINC","4",""
"MagicKeys","MenuCaption","SHORTSTRING","26",""
"MagicKeys","PopUp","BOOLEAN","1",""
"MagicKeys","PopUpTime","WORD","2",""
"MagicKeys","Mask","SHORTSTRING","26",""
"MagicKeys","Data","CHARACTER LARGE OBJECT","8",""
"MobileDevices","Idx","AUTOINC","4",""
"MobileDevices","xUserID","SMALLINT","2",""
"MobileDevices","DeviceID","CHARACTER VARYING","101",""
"MobileDevices","NotificationToken","CHARACTER LARGE OBJECT","8",""
"MobileDevices","LastModified","TIMESTAMP","8",""
"NOMINAL","IDX","AUTOINC","4",""
"NOMINAL","NominalCode","SHORTSTRING","21","NominalCode"
"NOMINAL","NominalDescription","SHORTSTRING","51","NominalDescription"
"NOMINAL","xSite","SMALLINT","2",""
"Name2","NameCounter","AUTOINC","4","NameCounter"
"Name2","SURNAME","SHORTSTRING","51","SURNAME"
"Name2","FORENAME","SHORTSTRING","36","FORENAME"
"Name2","Nickname","SHORTSTRING","36","Nickname"
"Name2","Dob","DATE","4","Dob"
"Name2","TITLE","SHORTSTRING","11","TITLE"
"Name2","Notes","CHARACTER LARGE OBJECT","8","Notes"
"Name2","Address1","SHORTSTRING","51","Address1"
"Name2","Address2","SHORTSTRING","51","Address2"
"Name2","Address3","SHORTSTRING","51","Address3"
"Name2","Town","SHORTSTRING","51","Town"
"Name2","County","SHORTSTRING","51","County"
"Name2","Country","SHORTSTRING","51","Country"
"Name2","Postcode","SHORTSTRING","51","Postcode"
"Name2","Telephone","SHORTSTRING","51","Telephone"
"Name2","Facsimile","SHORTSTRING","51","Facsimile"
"Name2","Mobile","SHORTSTRING","26","Mobile"
"Name2","Picture","IMAGE","8","Picture"
"Name2","Object","BINARY LARGE OBJECT","8","Object"
"Name2","HourRate","MONEY","8","HourRate"
"Name2","DayRate","MONEY","8","DayRate"
"Name2","WeekRate","MONEY","8","WeekRate"
"Name2","CREW","BOOLEAN","1","Null value indicated archived crew"
"Name2","CrewSite","BYTE","1",""
"Name2","HANDLER","BOOLEAN","1","HANDLER"
"Name2","Salutation","SHORTSTRING","36","Salutation"
"Name2","EMAIL","SHORTSTRING","51","EMAIL"
"Name2","FullName","SHORTSTRING","121","Person"
"Name2","CrewDiscount","SMALLINT","2","CrewDiscount"
"Name2","HireDiscount","SMALLINT","2","HireDiscount"
"Name2","SaleDiscount","SMALLINT","2","SaleDiscount"
"Name2","TransportDiscount","SMALLINT","2","TransportDiscount"
"Name2","Our Discount","SMALLINT","2","Our Discount"
"Name2","PurchaseTerms","INTEGER","4","PurchaseTerms"
"Name2","PaymentTerms","INTEGER","4","PaymentTerms"
"Name2","Hold","BOOLEAN","1","Hold"
"Name2","Accref","SHORTSTRING","13","Account Ref"
"Name2","Archived","BOOLEAN","1",""
"Name2","xTax","INTEGER","4",""
"Name2","xRecordStatus","BYTE","1","TRecordStatus = (rsIntended, rsPending, rsAccepted,rsDeleted)"
"Name2","CreatedDate","TIMESTAMP","8",""
"Name2","ModifiedDate","TIMESTAMP","8",""
"Name2","xModifiedBy","INTEGER","4",""
"Name2","TransactVia","BYTE","1","TCrewTransVia = (ctvPerson, ctvPersonAsCompany, ctvAgency, ctvInHouse)"
"Name2","xTransactCompany","INTEGER","4","Link to Company table"
"Name2","LastCrewingContactDate","TIMESTAMP","8","Date when an Offer Status of Contacted was last made via new crewing module - see TCrewOfferStatus = (cosContacted, cosUnavailab"
"Name2","LastCrewingContactReplyDate","TIMESTAMP","8","Date  recent update of Offer Status other than Contacted or Rejected - see TCrewOfferStatus = (cosContacted, cosUnavailable, cos"
"Name2","LastCrewingBookedDate","TIMESTAMP","8","Date  when an Offer Status is set to to Booked - see TCrewOfferStatus = (cosContacted, cosUnavailable, cosPossiblyAvailablity, c"
"NarrativeTypes","Idx","AUTOINC","4",""
"NarrativeTypes","NarrativeName","SHORTSTRING","51",""
"NarrativeTypes","NarrativeGroup","BYTE","1","TNarrativeGroup"
"NarrativeTypes","Active","BOOLEAN","1",""
"NarrativeTypes","SortOrder","INTEGER","4",""
"NarrativeTypes","xJobNarrativeAreas","INTEGER","4",""
"Narratives","Idx","AUTOINC","4",""
"Narratives","xGroupLink","INTEGER","4","ONLY FOR elements ngMasterCategory, ngCategory, ngType, ngItem in TNarrativeGroup. Should be 0 for ngJob, ngEqlist, ngEqlistSect"
"Narratives","xNarrativeType","INTEGER","4",""
"Narratives","Narrative","CHARACTER LARGE OBJECT","8",""
"NoteBook","IDX","AUTOINC","4","Fagref"
"NoteBook","NoteRef","SHORTSTRING","21",""
"NoteBook","Title","SHORTSTRING","51","Title"
"NoteBook","OutDate","TIMESTAMP","8","Date"
"NoteBook","BackDate","TIMESTAMP","8",""
"NoteBook","Days","INTEGER","4","Days"
"NoteBook","Notes","CHARACTER LARGE OBJECT","8","Notes"
"NoteBook","Client","SHORTSTRING","51","Client"
"NoteBook","ClientID","INTEGER","4",""
"NoteBook","RecordedDate","TIMESTAMP","8","Recorded"
"NoteBook","Currency","INTEGER","4","Currency"
"NoteBook","Site","INTEGER","4","Site"
"NoteBook","PriceScheme","INTEGER","4","PriceScheme"
"NoteBook","xUser","SMALLINT","2",""
"NoteBook","Total","MONEY","8",""
"NoteBook","MiscInfo","SHORTSTRING","101",""
"NoteBook","ConvertedToJob","INTEGER","4",""
"NoteBook","LastAvailCheck","TIMESTAMP","8",""
"NoteBook","Discount","FLOAT","4",""
"NoteBook","xMainVenue","INTEGER","4",""
"NoteBook","MainVenue","SHORTSTRING","51",""
"NoteBookDetails","IDX","AUTOINC","4",""
"NoteBookDetails","xNote","INTEGER","4",""
"NoteBookDetails","Qty","INTEGER","4",""
"NoteBookDetails","EqType","INTEGER","4",""
"NoteBookDetails","xCategory","INTEGER","4",""
"NoteBookDetails","TimeStampAV","INTEGER","4",""
"NoteBookDetails","LastCheckedAV","INTEGER","4",""
"NoteBookDetails","ListUnitPrice","MONEY","8",""
"NoteBookDetails","AgreedUnitPrice","MONEY","8",""
"NoteBookDetails","LinePrice","MONEY","8",""
"NoteBookDetails","Warehouse","SMALLINT","2",""
"NoteBookDetails","RecType","BYTE","1",""
"NoteBookTags","IDX","AUTOINC","4",""
"NoteBookTags","TagName","SHORTSTRING","31",""
"NoteBookTagsLkp","IDX","AUTOINC","4",""
"NoteBookTagsLkp","xNote","INTEGER","4",""
"NoteBookTagsLkp","xTag","INTEGER","4",""
"OpScans","Idx","AUTOINC","4",""
"OpScans","xOpLineRef","INTEGER","4",""
"OpScans","xEqLineRef","INTEGER","4",""
"OpScans","xItemRef","INTEGER","4",""
"OpScans","OpsType","BYTE","1","TWarehouseOp"
"OpScans","WarehouseBay","BYTE","1","TWarehouseBay"
"OpScans","ScanDate","TIMESTAMP","8",""
"OpScans","xUser","SMALLINT","2",""
"OpScans","KitStatus","BYTE","1","TCompositeStatus"
"OpScans","xGlobalReturn","INTEGER","4",""
"OpScans","xDispatchLoad","INTEGER","4",""
"OpScans","Inspected","BOOLEAN","1","field to record if user has inspected a returning item"
"OpScans","KeepLoanType","BYTE","1","TKeepLoanType = (kltKeep, kltSwap)."
"OpScans","xSwapIDX","INTEGER","4","Link to the Opscan record that was the Swap.  NOTE if this field has a value then xOplineRef will be NULL as this is NOT a real "
"OperationsDetail","IDX","AUTOINC","4",""
"OperationsDetail","xOperation","INTEGER","4",""
"OperationsDetail","xEqlistLine","INTEGER","4",""
"OperationsDetail","xMasterLine","INTEGER","4","e.g. Prep Line For Dispatches"
"OperationsDetail","OpsType","BYTE","1","see TWarehouseOp enumerated type"
"OperationsDetail","Quantity","INTEGER","4",""
"OperationsDetail","ModifyDate","TIMESTAMP","8",""
"OperationsDetail","CaseID","SHORTSTRING","21",""
"OperationsDetail","xGUID","GUID","16",""
"OperationsDetail","CompositeSyncGUID","GUID","16",""
"OperationsDetail","IsASplit","BOOLEAN","1",""
"OperationsDetail","Locked","BOOLEAN","1",""
"OperationsDetail","RoadCaseSplit","BOOLEAN","1",""
"OperationsDetail","ClassTransferredQty","INTEGER","4","Qty transferred to Rental From Sales List or Ex-Rental from Rental List"
"OperationsDetail","Notes","CHARACTER LARGE OBJECT","8",""
"OperationsHeader","IDX","AUTOINC","4",""
"OperationsHeader","Reference","SHORTSTRING","21",""
"OperationsHeader","Title","SHORTSTRING","101",""
"OperationsHeader","xPrepBay","INTEGER","4","null for Returns Notes"
"OperationsHeader","xJob","INTEGER","4","null for Warehouse Transfers"
"OperationsHeader","xEqlist","INTEGER","4","null for Dispatch Notes"
"OperationsHeader","xOperation","INTEGER","4","null For everything except Check IN"
"OperationsHeader","xCreatedBy","INTEGER","4",""
"OperationsHeader","CreatedDate","TIMESTAMP","8",""
"OperationsHeader","CompletedDate","TIMESTAMP","8",""
"OperationsHeader","OpsType","BYTE","1","see TWarehouseOp enumerated type"
"OperationsHeader","WarehouseBay","BYTE","1","see TWarehouseBay enumerated type"
"OperationsHeader","Notes","CHARACTER LARGE OBJECT","8",""
"OperationsHeader","CarnetIssueNumber","CHARACTER VARYING","31",""
"OperationsHeader","OutOfSync","BOOLEAN","1",""
"OperationsHeader","CarnetOutOfSyncChangeLog","CHARACTER LARGE OBJECT","8",""
"PAT_COMT","Comment","SHORTSTRING","51","Comment"
"PAT_ITEM","ItemRef","INTEGER","4","ItemRef"
"PAT_ITEM","RLastTest","INTEGER","4","RLastTest"
"PAT_ITEM","ELasttest","INTEGER","4","ELasttest"
"PAT_ITEM","ENextdate","TIMESTAMP","8","ENextdate"
"PAT_ITEM","ELastpass","BOOLEAN","1","ELastpass"
"PAT_ITEM","RLastpass","BOOLEAN","1","RLastpass"
"PAT_ITEM","RNextDate","TIMESTAMP","8","RNextDate"
"PAT_ITEM","ELastJob","INTEGER","4","ELastJob"
"PAT_ITEM","RLastJob","INTEGER","4","RLastJob"
"PAT_ITEM","FailedJob","BOOLEAN","1","FailedJob"
"PAT_LOCATIONS","Idx","AUTOINC","4",""
"PAT_LOCATIONS","LocationName","CHARACTER VARYING","17",""
"PAT_PAT","Patindex","AUTOINC","4","Patindex"
"PAT_PAT","Description","SHORTSTRING","36","Description"
"PAT_PAT","EarthTestCurrent","DOUBLE PRECISION","8","EarthTestCurrent"
"PAT_PAT","EarthTestTime","INTEGER","4","EarthTestTime"
"PAT_PAT","EarthTestResistance","DOUBLE PRECISION","8","EarthTestResistance"
"PAT_PAT","InsulationTestTime","INTEGER","4","InsulationTestTime"
"PAT_PAT","InsulationtestResistance","DOUBLE PRECISION","8","InsulationtestResistance"
"PAT_PAT","LoadTestTime","INTEGER","4","LoadTestTime"
"PAT_PAT","LoadTestPower","DOUBLE PRECISION","8","LoadTestPower"
"PAT_PAT","EarthLeakage","DOUBLE PRECISION","8","EarthLeakage"
"PAT_PAT","FlashVoltage","BOOLEAN","1","FlashVoltage"
"PAT_PAT","FlashCurrent","DOUBLE PRECISION","8","FlashCurrent"
"PAT_PAT","FlashTestTime","INTEGER","4","FlashTestTime"
"PAT_PAT","Class","BOOLEAN","1","Class"
"PAT_PAT","FlashReqd","BOOLEAN","1","FlashReqd"
"PAT_PAT","ExtensionTest","BOOLEAN","1","ExtensionTest"
"PAT_PAT","EarthTestReqd","BOOLEAN","1","EarthTestReqd"
"PAT_PAT","InsulationTestReqd","BOOLEAN","1","InsulationTestReqd"
"PAT_PAT","LoadTestReqd","BOOLEAN","1","LoadTestReqd"
"PAT_PAT","No of Ways","INTEGER","4","No of Ways"
"PAT_PAT","110V","BOOLEAN","1","110V"
"PAT_PAT","PreloadCurrent","DOUBLE PRECISION","8","PreloadCurrent"
"PAT_PAT","Patnotrig","BOOLEAN","1","Patnotrig"
"PAT_PAT","Proofload","DOUBLE PRECISION","8","Proofload"
"PAT_PAT","Special1","SHORTSTRING","51","Special1"
"PAT_PAT","Special2","SHORTSTRING","51","Special2"
"PAT_PAT","Special3","SHORTSTRING","51","Special3"
"PAT_PAT","Result1","DOUBLE PRECISION","8","Result1"
"PAT_PAT","Result2","DOUBLE PRECISION","8","Result2"
"PAT_PAT","Result3","DOUBLE PRECISION","8","Result3"
"PAT_PAT","Operator1","SHORTSTRING","3","Operator1"
"PAT_PAT","Operator2","SHORTSTRING","3","Operator2"
"PAT_PAT","Operator3","SHORTSTRING","3","Operator3"
"PAT_PAT","ProofFactor","DOUBLE PRECISION","8","ProofFactor"
"PAT_PAT","Inhouse","BOOLEAN","1","Inhouse"
"PAT_PAT","TestCheckSum","BYTE","1",""
"PAT_PAT_EXTENDED","Idx","AUTOINC","4",""
"PAT_PAT_EXTENDED","xPAT_PAT","INTEGER","4",""
"PAT_PAT_EXTENDED","TestFunction","BYTE","1",""
"PAT_PAT_EXTENDED","TestType","BYTE","1",""
"PAT_PAT_EXTENDED","Value_1_BCD","DECIMAL","8",""
"PAT_PAT_EXTENDED","Value_2_Byte","BYTE","1",""
"PAT_PAT_EXTENDED","Value_3_BCD","DECIMAL","8",""
"PAT_PAT_EXTENDED","Value_4_Byte","BYTE","1",""
"PAT_PAT_EXTENDED","Value_5_Byte","BYTE","1",""
"PAT_PAT_EXTENDED","Value_6_BCD","DECIMAL","8",""
"PAT_PAT_EXTENDED","Test_Name","CHARACTER VARYING","42",""
"PAT_PAT_EXTENDED","Test_Units","CHARACTER VARYING","17",""
"PAT_PAT_EXTENDED","Inspection_Item","CHARACTER LARGE OBJECT","8",""
"PAT_RES","TestNumber","AUTOINC","4","TestNumber"
"PAT_RES","ItemNumber","INTEGER","4","ItemNumber"
"PAT_RES","DateTimeStamp","TIMESTAMP","8","DateTimeStamp"
"PAT_RES","Fuse","SHORTSTRING","26","Fuse"
"PAT_RES","Earth","SHORTSTRING","26","Earth"
"PAT_RES","Class1Insulation","SHORTSTRING","26","Class1Insulation"
"PAT_RES","Class1Flash","SHORTSTRING","26","Class1Flash"
"PAT_RES","PreLoad","SHORTSTRING","26","PreLoad"
"PAT_RES","Load","SHORTSTRING","26","Load"
"PAT_RES","Leakage","SHORTSTRING","26","Leakage"
"PAT_RES","Polarity","SHORTSTRING","26","Polarity"
"PAT_RES","TestVoltage","SHORTSTRING","26","TestVoltage"
"PAT_RES","Usertest1","BOOLEAN","1","Usertest1"
"PAT_RES","UserTest2","BOOLEAN","1","UserTest2"
"PAT_RES","UserTest3","BOOLEAN","1","UserTest3"
"PAT_RES","OverallPass","BOOLEAN","1","OverallPass"
"PAT_RES","Service","BOOLEAN","1","Service"
"PAT_RES","Class2Insulation","SHORTSTRING","26","Class2Insulation"
"PAT_RES","Class2flash","SHORTSTRING","26","Class2flash"
"PAT_RES","EarthPass","SHORTSTRING","5","EarthPass"
"PAT_RES","Class1InsulationPass","SHORTSTRING","5","Class1InsulationPass"
"PAT_RES","Class2insulationPass","SHORTSTRING","5","Class2insulationPass"
"PAT_RES","Class1FlashPass","SHORTSTRING","5","Class1FlashPass"
"PAT_RES","Class2Flashpass","SHORTSTRING","5","Class2Flashpass"
"PAT_RES","LoadPass","SHORTSTRING","5","LoadPass"
"PAT_RES","LeakagePass","SHORTSTRING","5","LeakagePass"
"PAT_RES","PolarityPass","SHORTSTRING","5","PolarityPass"
"PAT_RES","Comment","SHORTSTRING","51","Comment"
"PAT_RES","UserTest1Text","SHORTSTRING","31","UserTest1Text"
"PAT_RES","UserTest2Text","SHORTSTRING","31","UserTest2Text"
"PAT_RES","UserTest3Text","SHORTSTRING","31","UserTest3Text"
"PAT_RES","Electrical","BOOLEAN","1","Electrical"
"PAT_RES","ProofWeight","DOUBLE PRECISION","8","ProofWeight"
"PAT_RES","RiggingTest1Text","SHORTSTRING","31","RiggingTest1Text"
"PAT_RES","RiggingTest1","DOUBLE PRECISION","8","RiggingTest1"
"PAT_RES","RiggingTest2Test","SHORTSTRING","31","RiggingTest2Test"
"PAT_RES","RiggingTest2","DOUBLE PRECISION","8","RiggingTest2"
"PAT_RES","RiggingTest3Text","SHORTSTRING","31","RiggingTest3Text"
"PAT_RES","RiggingTest3","DOUBLE PRECISION","8","RiggingTest3"
"PAT_RES","CertificateNumber","SHORTSTRING","31","CertificateNumber"
"PAT_RES","TestingBody","SHORTSTRING","31","TestingBody"
"PAT_RES","Rigging1Pass","BOOLEAN","1","Rigging1Pass"
"PAT_RES","Rigging2Pass","BOOLEAN","1","Rigging2Pass"
"PAT_RES","Rigging3Pass","BOOLEAN","1","Rigging3Pass"
"PAT_RES","ProofPass","BOOLEAN","1","ProofPass"
"PAT_RES","SWL","DOUBLE PRECISION","8","SWL"
"PAT_RES","SWLFactor","DOUBLE PRECISION","8","SWLFactor"
"PAT_RES","xUser","INTEGER","4",""
"PAT_RES","xOpScan","INTEGER","4",""
"PAT_RES","RiggingComment1","CHARACTER VARYING","51","Comments from the Rigging Test Form"
"PAT_RES","RiggingComment2","CHARACTER VARYING","51","Comments from the Rigging Test Form"
"PAT_RES","RiggingComment3","CHARACTER VARYING","51","Comments from the Rigging Test Form"
"PAT_RES","ExtendedResults","BOOLEAN","1","Pull Results from PAT_RES_EXTENDED"
"PAT_RES","xPat_Pat","INTEGER","4","Link to Pat_Pat for test number"
"PAT_RES","xPat_UserNames","INTEGER","4",""
"PAT_RES","xPat_Locations","INTEGER","4",""
"PAT_RES","xPat_Sites","INTEGER","4","uses PAT_LOCATIONS"
"PAT_RES_EXTENDED","Idx","AUTOINC","4",""
"PAT_RES_EXTENDED","xPat_Res","INTEGER","4","Link to PAT_RES which is a summary of the data"
"PAT_RES_EXTENDED","ResType","WORD","2","TResultType"
"PAT_RES_EXTENDED","Status","BYTE","1","See Status byte definition in Seaward documents"
"PAT_RES_EXTENDED","Result","DECIMAL","8","The result"
"PAT_RES_EXTENDED","Data_1","DECIMAL","8","Some tests results have additional data e.g the test voltage"
"PAT_RES_EXTENDED","Data_2","DECIMAL","8",""
"PAT_RES_EXTENDED_TEXT","Idx","AUTOINC","4",""
"PAT_RES_EXTENDED_TEXT","xPAT_RES_EXTENDED","INTEGER","4",""
"PAT_RES_EXTENDED_TEXT","ExtendedType","BYTE","1","TExtendedResultType = (terName, terUnits, terResults)"
"PAT_RES_EXTENDED_TEXT","Data","SHORTSTRING","51",""
"PAT_TYPE","Typeref","INTEGER","4","Typeref"
"PAT_TYPE","PatTest","INTEGER","4","PatTest"
"PAT_TYPE","UserT1","INTEGER","4","UserT1"
"PAT_TYPE","UserT2","INTEGER","4","UserT2"
"PAT_TYPE","UserT3","INTEGER","4","UserT3"
"PAT_TYPE","Manafacturer","SHORTSTRING","31","Manafacturer"
"PAT_TYPE","ServiceInt","INTEGER","4","ServiceInt"
"PAT_TYPE","ServiceReqd","BOOLEAN","1","ServiceReqd"
"PAT_TYPE","PatTestInt","INTEGER","4","PatTestInt"
"PAT_TYPE","TestReqd","BOOLEAN","1","TestReqd"
"PAT_TYPE","Comments","CHARACTER LARGE OBJECT","8","Comments"
"PAT_TYPE","RiggingTest","INTEGER","4","RiggingTest"
"PAT_TYPE","Patrequired","BOOLEAN","1","Patrequired"
"PAT_TYPE","Rigrequired","BOOLEAN","1","Rigrequired"
"PAT_TYPE","RigTestInterval","INTEGER","4","RigTestInterval"
"PAT_TYPE","PATTestJobs","INTEGER","4","PATTestJobs"
"PAT_TYPE","RigTestJobs","INTEGER","4","RigTestJobs"
"PAT_TYPE","PATdays","BOOLEAN","1","PATdays"
"PAT_TYPE","PATjobs","BOOLEAN","1","PATjobs"
"PAT_TYPE","RIGdays","BOOLEAN","1","RIGdays"
"PAT_TYPE","RIGjobs","BOOLEAN","1","RIGjobs"
"PAT_USERNAMES","Idx","AUTOINC","4",""
"PAT_USERNAMES","UserName","CHARACTER VARYING","17",""
"PAT_USRT","Usertest","AUTOINC","4","Usertest"
"PAT_USRT","Description","SHORTSTRING","31","Description"
"PAT_USRT","Details","CHARACTER LARGE OBJECT","8","Details"
"PAT_USRT","Picture","IMAGE","8","Picture"
"PODATA","Invkey","AUTOINC","4","Invkey"
"PODATA","Invno","INTEGER","4","Invno"
"PODATA","Quantity","INTEGER","4","Quantity"
"PODATA","Inv_text","CHARACTER LARGE OBJECT","8","Inv_text"
"PODATA","PreDiscountTotal","MONEY","8",""
"PODATA","LineDiscount","DOUBLE PRECISION","8","LineDiscount"
"PODATA","Inv_amount","MONEY","8","Inv_amount"
"PODATA","LineTotal","MONEY","8",""
"PODATA","xTaxCode","SMALLINT","2",""
"PODATA","Tax_rate","DOUBLE PRECISION","8",""
"PODATA","TaxAmount","DOUBLE PRECISION","8",""
"PODATA","SortLink","INTEGER","4","SortLink"
"PODATA","Notes","CHARACTER LARGE OBJECT","8",""
"PODATA","xGeneralCostCentre","BYTE","1","see TGeneralCostCentre"
"PODATA","xNominal","INTEGER","4",""
"PODATA","RowType","BYTE","1","Set TRowType"
"PODATA","MasterRowGUID","GUID","16","Binds Heading and Data rows"
"PODATA","xMasterRow","GUID","16",""
"PODATA","Visible","BOOLEAN","1",""
"PODATA","xOriginalChargeLine","INTEGER","4","For cancelled Orders (PO Credits)"
"PODATA","PartNumber","SHORTSTRING","31","feeds from CostsDetail"
"PODATA","POType","SMALLINT","2","POType"
"PODATA","SubCostCentre","BYTE","1","TSubCostCentre = (sccCrewOld, sccCrewMainAmount, sccCrewPDsAmount, sccCrewTravelAmount, sccCrewOvertimeAmount)"
"PRICEDAT","Counter","AUTOINC","4","Counter"
"PRICEDAT","Method","SMALLINT","2","Method"
"PRICEDAT","MinDays","SMALLINT","2","MinDays"
"PRICEDAT","D1","INTEGER","4","D1"
"PRICEDAT","D2","INTEGER","4","D2"
"PRICEDAT","D3","INTEGER","4","D3"
"PRICEDAT","D4","INTEGER","4","D4"
"PRICEDAT","D5","INTEGER","4","D5"
"PRICEDAT","D6","INTEGER","4","D6"
"PRICEDAT","R1","DOUBLE PRECISION","8","R1"
"PRICEDAT","R2","DOUBLE PRECISION","8","R2"
"PRICEDAT","R3","DOUBLE PRECISION","8","R3"
"PRICEDAT","R4","DOUBLE PRECISION","8","R4"
"PRICEDAT","R5","DOUBLE PRECISION","8","R5"
"PRICEDAT","R6","DOUBLE PRECISION","8","R6"
"PRICEDAT","Autobest","BOOLEAN","1","Autobest"
"PRICEDAT","Partblock","SMALLINT","2","Partblock"
"PRICEDAT","Retired","BOOLEAN","1","Retired"
"PRICEDAT","ScriptText","CHARACTER LARGE OBJECT","8","ScriptText"
"PRICEDAT","ScriptLanguage","SHORTSTRING","21","ScriptLanguage"
"PRICEDAT","Name","CHARACTER VARYING","51",""
"PaymentTypes","Name","SHORTSTRING","51",""
"PaymentTypes","PaymentMode","BYTE","1","TPaymentMode"
"PaymentTypes","System","BOOLEAN","1",""
"PaymentTypes","IDX","AUTOINC","4",""
"PeoplePics","IDX","AUTOINC","4",""
"PeoplePics","PersonID","INTEGER","4",""
"PeoplePics","Image","IMAGE","8",""
"PeoplePics","ImageClassName","SHORTSTRING","26",""
"PeoplePics","PersonDefault","BOOLEAN","1",""
"Porder","Invoice_count","AUTOINC","4","Invoice_count"
"Porder","Job","INTEGER","4","Job"
"Porder","Inv_no","SHORTSTRING","21","Inv_no"
"Porder","Inv_Date","DATE","4","Inv_Date"
"Porder","DocType","BYTE","1","TAccountsDocument"
"Porder","Our_Ref","SHORTSTRING","31","Our_Ref"
"Porder","Your_Ref","SHORTSTRING","31","Your_Ref"
"Porder","Client","INTEGER","4","Client"
"Porder","Company","BOOLEAN","1","Company"
"Porder","Name","SHORTSTRING","51","Name"
"Porder","Address1","SHORTSTRING","51","Address1"
"Porder","Address2","SHORTSTRING","51","Address2"
"Porder","Address3","SHORTSTRING","51","Address3"
"Porder","Town","SHORTSTRING","51","Town"
"Porder","County","SHORTSTRING","51","County"
"Porder","PostCode","SHORTSTRING","51","PostCode"
"Porder","Country","SHORTSTRING","51","Country"
"Porder","Telephone","SHORTSTRING","51","Telephone"
"Porder","Facsimile","SHORTSTRING","51","Facsimile"
"Porder","Terms","INTEGER","4","Terms"
"Porder","Due","DATE","4","Due"
"Porder","Notes","CHARACTER LARGE OBJECT","8","Notes"
"Porder","Totalex","MONEY","8","Totalex"
"Porder","VAT","MONEY","8",""
"Porder","TotalInc","MONEY","8",""
"Porder","VATTable","CHARACTER LARGE OBJECT","8",""
"Porder","DiscountValue","MONEY","8","DiscountValue"
"Porder","Disc_percent","DOUBLE PRECISION","8","Disc_percent"
"Porder","HirePercentage","DOUBLE PRECISION","8","HirePercentage"
"Porder","HireDiscount","MONEY","8","HireDiscount"
"Porder","HireTotal","MONEY","8","HireTotal"
"Porder","SaleTotal","MONEY","8","SaleTotal"
"Porder","Chargefrom","DATE","4","Chargefrom"
"Porder","Chargeto","DATE","4","Chargeto"
"Porder","ChargeDays","INTEGER","4","ChargeDays"
"Porder","PrimarySite","SMALLINT","2","PrimarySite"
"Porder","Currency","SMALLINT","2","Currency"
"Porder","Invoiced","BOOLEAN","1","Used for  ""Completed"""
"Porder","Posted","BOOLEAN","1","Posted"
"Porder","Paid","BOOLEAN","1","Paid"
"Porder","CreatedBy","INTEGER","4",""
"Porder","ModifiedBy","INTEGER","4",""
"Porder","ModifiedDate","TIMESTAMP","8",""
"Porder","MainContact","SHORTSTRING","31",""
"Porder","xDelAddress","INTEGER","4",""
"Porder","DelAddress","CHARACTER LARGE OBJECT","8",""
"Porder","DelContact","SHORTSTRING","31",""
"Porder","xCollAddress","INTEGER","4",""
"Porder","CollAddress","CHARACTER LARGE OBJECT","8",""
"Porder","CollContact","SHORTSTRING","31",""
"Porder","Authorised","BOOLEAN","1",""
"Porder","xAuthorisedBy","INTEGER","4",""
"Porder","xOrder","INTEGER","4","Only for Credit Notes. Refers to original record"
"Porder","InvoicingOptions","CHARACTER LARGE OBJECT","8","TInvoicingOptions"
"Porder","ChargingPercentage","FLOAT","4",""
"Porder","CreditedTotalEx","MONEY","8",""
"Porder","CreditedTotalInc","MONEY","8",""
"PrePackInstances","Idx","AUTOINC","4",""
"PrePackInstances","xMasterItem","INTEGER","4",""
"PrePackInstances","xLinkedType","INTEGER","4",""
"PrePackInstances","xLinkedItem","INTEGER","4",""
"PrePackInstances","Required","BOOLEAN","1",""
"PrePackInstances","Quantity","INTEGER","4",""
"PrePackTemplates","Idx","AUTOINC","4",""
"PrePackTemplates","xTemplateType","INTEGER","4",""
"PrePackTemplates","xLinkedType","INTEGER","4",""
"PrePackTemplates","Quantity","INTEGER","4",""
"PrePackTemplates","SortOrder","FLOAT","4",""
"PrePackTemplatesTypes","Idx","AUTOINC","4",""
"PrePackTemplatesTypes","xType","INTEGER","4",""
"PrePackTemplatesTypes","Description","SHORTSTRING","101",""
"PrepBays","IDX","AUTOINC","4",""
"PrepBays","xJob","INTEGER","4",""
"PrepBays","WarehouseActivity","BYTE","1","TWarehouseActivity"
"PrepBays","Title","SHORTSTRING","51",""
"PrepBays","PrepStatus","BYTE","1","TWarehouseStatus"
"PrepBays","DelStatus","BYTE","1","TWarehouseStatus"
"PrepBays","CreationDate","TIMESTAMP","8",""
"PrepBays","EqlistClass","BYTE","1","Specifies if kit is being pulled from Rental or Sales stock. TEqlistClass =
(emRentalClass, emSalesClass)"
"Project","Idx","AUTOINC","4",""
"Project","Proj_Ref","SHORTSTRING","31","Project Ref"
"Project","Proj_Name","SHORTSTRING","101","Project Name"
"Project","Proj_xVenue","INTEGER","4","Venue"
"Project","Proj_addr1","SHORTSTRING","51",""
"Project","Proj_addr2","SHORTSTRING","51",""
"Project","Proj_addr3","SHORTSTRING","51",""
"Project","Proj_Town","SHORTSTRING","51",""
"Project","Proj_Postcode","SHORTSTRING","51",""
"Project","Proj_Country","SHORTSTRING","51",""
"Project","Proj_Start","DATE","4",""
"Project","Proj_End","DATE","4",""
"Project","Proj_note","CHARACTER LARGE OBJECT","8",""
"Project","Proj_Stock","BOOLEAN","1",""
"Project","Proj_xSite","SMALLINT","2",""
"Project","Proj_xHandler1","INTEGER","4","Handler 1"
"Project","Proj_xHandler2","INTEGER","4","Handler 2"
"Project","xUser","INTEGER","4","Created By"
"Project","xVirtualWarehouse","INTEGER","4","will always be a negative number if Proj_Stock = TRUE"
"Project","Created","TIMESTAMP","8",""
"Projjob","Idx","AUTOINC","4",""
"Projjob","xProject","INTEGER","4",""
"Projjob","xJob","INTEGER","4",""
"PurchaseInvoices","IDX","AUTOINC","4",""
"PurchaseInvoices","xOrder","INTEGER","4",""
"PurchaseInvoices","InvDate","DATE","4",""
"PurchaseInvoices","InvNumber","SHORTSTRING","31",""
"PurchaseInvoices","InvAmountEx","MONEY","8",""
"PurchaseInvoices","InvAmountInc","MONEY","8",""
"PurchaseInvoices","xJobFinance","INTEGER","4",""
"QBE","IDX","AUTOINC","4",""
"QBE","QBEName","SHORTSTRING","51",""
"QBE","xQBECategory","INTEGER","4",""
"QBE","QBESQL","CHARACTER LARGE OBJECT","8",""
"QBE","QBEGrid","BINARY LARGE OBJECT","8",""
"QBE","QueryTimeOut","INTEGER","4",""
"QBE","QBEDashBoard","INTEGER","4",""
"QBE","QBEChart","BINARY LARGE OBJECT","8",""
"QBE","Form","SHORTSTRING","31","For QBE Contexts of qcNavigator and qcAugmentation"
"QBE","DefaultItem","BOOLEAN","1","For QBE Contexts of qcNavigator and qcAugmentation"
"QBE","QueryType","BYTE","1",""
"QBE","CustomSyntax","BOOLEAN","1",""
"QBE","System","BOOLEAN","1",""
"QBE","xReportingGroup","SMALLINT","2",""
"QBE","Published","BOOLEAN","1",""
"QBE","APIKey","GUID","16",""
"QBE","CallBack","GUID","16",""
"QBECategory","IDX","AUTOINC","4",""
"QBECategory","Description","SHORTSTRING","51",""
"QBECategory","Context","INTEGER","4",""
"QBECategory","Import","BOOLEAN","1",""
"QBECategory","MenuMode","BYTE","1","TQBEMenuMode = (qmmFileMenuHosted, qmmFileMenuPopup, qmmTopMenuHosted, qmmTopMenuPopup)"
"REPORTS","Menuno","AUTOINC","4","Menuno"
"REPORTS","MenuName","SHORTSTRING","51","MenuName"
"REPORTS","FileName","SHORTSTRING","61","FileName"
"REPORTS","Form","CHARACTER VARYING","51","Form"
"REPORTS","PageNo","INTEGER","4","PageNo"
"REPORTS","xMasterRecord","INTEGER","4",""
"REPORTS","MasterTableMasterField","SHORTSTRING","51","For RecordSelection"
"REPORTS","xSampleRecord","INTEGER","4","For Previewing Filtered Reports in the Designer"
"REPORTS","Printers","CHARACTER LARGE OBJECT","8","Empty = Default Printer"
"REPORTS","xReportingGroup","SMALLINT","2","0 = All Groups else looks up ReportingGroups.IDX"
"REPORTS","SortOrder","INTEGER","4","SortOrder"
"REPORTS","PreReportPlugin","SHORTSTRING","51",""
"REPORTS","xQBE","INTEGER","4","Lookup to QBE table allowing SQL to be executed BEFORE report is run"
"REPORTS","PrintFilterTypeEnum","SHORTSTRING","51","TPrintingFilterType elements as strings"
"REPORTS","ReportOutputType","SHORTINT","1","TReportOutput"
"REPORTS","Published","BOOLEAN","1",""
"REPORTS","ReportType","SHORTINT","1","TReportType"
"REPORTS","rbFolderID","INTEGER","4","lookup to "
"REPORTS","rbItemSize","INTEGER","4",""
"REPORTS","rbItemType","INTEGER","4",""
"REPORTS","rbModified","TIMESTAMP","8",""
"REPORTS","rbDeleted","BOOLEAN","1",""
"REPORTS","rbTemplate","CHARACTER LARGE OBJECT","8",""
"REPORTS","rbRestoreFolder","INTEGER","4",""
"REPORTS","rbVersionNo","SMALLINT","2",""
"REPORTS","ExportFileType","BYTE","1",""
"REPORTS","CustomExportFormatClass","SHORTSTRING","51","Class that manages custom export formats"
"REPORTS","ExportFileName","SHORTSTRING","51","Used for email and export file names"
"REPORTS","ExportFilePath","SHORTSTRING","256",""
"REPORTS","ExportFileCustomSettings","CHARACTER LARGE OBJECT","8",""
"REPORTS","ReportClass","SMALLINT","2","See TReportClass"
"REPORTS","CRUpgraded","BOOLEAN","1","only set to true by the Crystal Report NX Upgrade app"
"REPORTS","ReportLocale","BYTE","1","see TReportLocale"
"REPORTS","AuoFixMode","BYTE","1","TReportAutoFixMode = (ramNone, ramPreview, ramFile)"
"REPORTS","TemplateBackup","CHARACTER LARGE OBJECT","8",""
"RepairStatus","IDX","AUTOINC","4",""
"RepairStatus","StatusDescription","SHORTSTRING","51",""
"RepairStatus","Archived","BOOLEAN","1",""
"ReportingGroups","UID","AUTOINC","4",""
"ReportingGroups","Name","SHORTSTRING","51",""
"ReportingGroupsLkp","ReportID","SMALLINT","2",""
"ReportingGroupsLkp","ReportingGroupID","SMALLINT","2",""
"ReservedItems","IDX","AUTOINC","4",""
"ReservedItems","xItemRef","INTEGER","4",""
"ReservedItems","xLineRef","INTEGER","4",""
"ReservedItems","xEqlistID","INTEGER","4",""
"ReservedItems","xCreatedBy","INTEGER","4",""
"ReservedItems","xCreatedDate","TIMESTAMP","8",""
"ReservedItems","xRemovedBy","INTEGER","4",""
"ReservedItems","xRemovedDate","TIMESTAMP","8",""
"ReservedItems","xCarnetScan","INTEGER","4",""
"RestrictedUserAccess","Idx","AUTOINC","4",""
"RestrictedUserAccess","UserRestrictionType","BYTE","1","TUserRestrictionType"
"RestrictedUserAccess","xRecordID","INTEGER","4","link to Jobs table etc key field"
"RestrictedUserAccess","xUserID","INTEGER","4","link to Users table key field"
"Rules","SiteId","INTEGER","4","SiteId"
"Rules","xDefaultRentalTax","INTEGER","4","DefaultRentalTax"
"Rules","xDefaultSalesTax","INTEGER","4","DefaultSalesTax"
"Rules","xDefaultCrewTax","INTEGER","4","DefaultCrewTax"
"Rules","xDefaultTransportTax","INTEGER","4","DefaultTransportTax"
"Rules","xDefaultCostsTax","INTEGER","4","Default Costs Tax"
"Rules","CanEditJobRefs","BOOLEAN","1","CanEditJobRefs"
"Rules","CanEditListRefs","BOOLEAN","1","CanEditListRefs"
"Rules","DefaultRentalNominal","INTEGER","4","DefaultRentalNominal"
"Rules","DefaultSalesNominal","INTEGER","4","DefaultSalesNominal"
"Rules","DefaultCrewNominal","INTEGER","4","DefaultCrewNominal"
"Rules","DefaultTransportNominal","INTEGER","4","DefaultTransportNominal"
"Rules","DefaultPurchaseNominal","INTEGER","4","DefaultPurchaseNominal"
"Rules","RequireInvoiceNominals","BOOLEAN","1","RequireInvoiceNominals"
"Rules","RequirePurchasedNominals","BOOLEAN","1","RequirePurchasedNominals"
"Rules","Address1Required","BOOLEAN","1","Address1Required"
"Rules","AddressTownRequired","BOOLEAN","1","AddressTownRequired"
"Rules","AddressStateRequired","BOOLEAN","1","AddressStateRequired"
"Rules","AddressPostCodeRequired","BOOLEAN","1","AddressPostCodeRequired"
"Rules","AddressPhoneRequired","BOOLEAN","1","AddressPhoneRequired"
"Rules","AddressEmailRequired","BOOLEAN","1","AddressEmailRequired"
"Rules","AddressRulesCompanyOnly","BOOLEAN","1","AddressRulesCompanyOnly"
"Rules","DisableReturnAll","BOOLEAN","1","DisableReturnAll"
"Rules","AutoCalcReplaceValues","BOOLEAN","1","AutoCalcReplaceValues"
"Rules","SMTP_Address","SHORTSTRING","51","SMTP_Address"
"Rules","SMTP_Port","INTEGER","4","SMTP_Port"
"Rules","SMTP_AuthorisationType","SMALLINT","2","SMTP_AuthorisationType"
"Rules","CrewPayFromOrdersOnly","BOOLEAN","1","CrewPayFromOrdersOnly"
"Rules","ExtraHireDays","BOOLEAN","1","ExtraHireDays"
"Rules","DefaultJobPeriod","SMALLINT","2","DefaultJobPeriod"
"Rules","DefaultJobStatus","SMALLINT","2","DefaultJobStatus"
"Rules","DefaultEqlistStatus","SMALLINT","2","DefaultEqlistStatus"
"Rules","AutoJobLockStatus","SMALLINT","2","AutoJobLockStatus"
"Rules","ScanOnly","BOOLEAN","1","ScanOnly"
"Rules","InvoiceConsumablesMethod","SMALLINT","2","InvoiceConsumablesMethod"
"Rules","DefaultInvoicingOptions","CHARACTER LARGE OBJECT","8","TInvoicingOptions"
"Rules","DefaultOrderingOptions","CHARACTER LARGE OBJECT","8",""
"Rules","xDefaultAccountStatus","SMALLINT","2",""
"Rules","TaxRoundingMethod","INTEGER","4","TaxRoundingMethod"
"Rules","SpareInteger2","INTEGER","4","DefaultCompanyPaymentTerms"
"Rules","SpareInteger3","INTEGER","4","DefaultCompanyPurchaseTerms"
"Rules","DefaultFreeTextCat","INTEGER","4",""
"Rules","AlwaysUseDefaultFreeTextCat","BOOLEAN","1",""
"Rules","DoServicingChecks","BOOLEAN","1",""
"Rules","DoTestingChecks","BOOLEAN","1",""
"Rules","AllowWareHouseAddedKit","BOOLEAN","1",""
"Rules","ChargeForWarehouseAddedKit","BYTE","1","TAddedKitCharging"
"Rules","AllowScansToPropagate","BOOLEAN","1",""
"Rules","UseActiveDirectory","BOOLEAN","1",""
"Rules","CaseSensitiveAuthentication","BOOLEAN","1",""
"Rules","CRMDefaultCloseDays","SMALLINT","2",""
"Rules","WarehouseMode","BYTE","1","TWarehouseMode"
"Rules","UseExternalInvoiceRefs","BOOLEAN","1",""
"Rules","UseExternalIPORefs","BOOLEAN","1",""
"Rules","TaskMonitors","BIGINT","8",""
"Rules","DefaultJobStartTime","TIME","4",""
"Rules","DefaultJobEndTime","TIME","4",""
"Rules","LateReturnDays","INTEGER","4",""
"Rules","LinkedToSite1","BOOLEAN","1",""
"Rules","OptimisticWarehouseIssues","BOOLEAN","1",""
"Rules","RestrictedPrepBayStatuses","BOOLEAN","1",""
"Rules","DefaultReportLocale","BYTE","1","see TReportLocale"
"Rules","AutoRoadCaseHandling","BOOLEAN","1",""
"Rules","xAntiFraudAction","BYTE","1",""
"Rules","AntiFraudAveragePercent","DECIMAL","8",""
"Rules","AntiFraudMaxPercent","DECIMAL","8",""
"Rules","AntiFraudMode","BYTE","1"," TAntiFraudMode = (afmFailOne, afmFailAll)"
"Rules","xVenueCommission","INTEGER","4",""
"Rules","VenueCommissionText","SHORTSTRING","51",""
"Rules","JobInvoicedToleranceAmount","DOUBLE PRECISION","8",""
"Rules","CommissionOnSelectedOnly","BOOLEAN","1",""
"Rules","EquipmentCosts","BYTE","1",""
"Rules","FreeTextMaxDiscount","FLOAT","4",""
"Rules","AutoRoadCaseNumberMethod","BYTE","1",""
"Rules","ScannerFeedBackType","BYTE","1",""
"Rules","JobLoansWarnOnReturn","BYTE","1",""
"Rules","ParkScanIssuesOnGlobalReturn","BYTE","1",""
"Rules","AllowNextStageWarehouseOps","BOOLEAN","1",""
"Rules","PrepOnlyIfAvailable","BYTE","1","see TPrepOnlyIfAvailable = (poiaOFF, poiaPrompt, poiaBlock)"
"Rules","PriorityAvailabilityAllocation","BOOLEAN","1","Allow user to allocate a Qty to be guaranteed for a booking list"
"Rules","DefaultRepairDays","INTEGER","4",""
"Rules","IMAPServer","SHORTSTRING","51","Default IMAP Server"
"Rules","IMAPPort","SHORTSTRING","6","Default IMAP Port"
"Rules","IMAP_TLS","SHORTINT","1","Default IMAP TLS"
"Rules","IMAP_SSL","SHORTINT","1","Default IMAP SSL"
"Rules","RentalCostsAsMisc","BOOLEAN","1","Costs"
"Rules","PreserveLineDiscounts","BOOLEAN","1",""
"Rules","IMAP_Rules","INTEGER","4",""
"Rules","PricedAliasMethod","BYTE","1",""
"Rules","SalesCostsPriority","BYTE","1","TSalesCostsPriority = (scmAuditList, scmAuditOrdersList, scmOrdersAuditList)"
"Rules","RAM_WarningLimit","INTEGER","4",""
"Rules","RAM_WarningMessage","CHARACTER LARGE OBJECT","8",""
"Rules","ReurnWarehouseMismatchOption","BYTE","1","TReturnsWarehouseRule = (rwmNone, rwmReturnToHome,
rwmReturnToHomeButChangeCurrentWarehouse, rwmTransferStock);"
"Rules","QuotesRequireAuthorization","BOOLEAN","1",""
"Rules","QuotesAuthorizationLimitA","MONEY","8",""
"Rules","QuotesAuthorizationLimitB","MONEY","8",""
"Rules","QuotesAuthorizationLimitC","MONEY","8",""
"Rules","QuotesAuthorizationLimitD","MONEY","8",""
"Rules","SubhireWizardPriceCompare","BOOLEAN","1",""
"Rules","JobCommissionFromVenue","BOOLEAN","1",""
"Rules","ExtendedInfoByQBE","BIGINT","8","see TExtendedInfoByQBE, the definition of which will grow over time"
"Rules","AutoNextStageWarehouseOperation","WORD","2","see TAutoNextStageWarehouseOperation, a list of ops note stages where closing the form should process next stage"
"Rules","GlobalReturnsAutoReturnJobLoans","BOOLEAN","1","If Current Warehouse is borrower then perform Loan Return; if donor then Loan Return and Receive Back"
"Rules","PrePackEditorOnCheckIn","BOOLEAN","1","legacy column, replaced by ReadyPreppedOptions"
"Rules","CompositesCanBePrepModified","BOOLEAN","1","Allows warehouse staff to redefine component quantities and adjust Master barcode components in a Prep Note"
"Rules","BrandingImage","IMAGE","8","Your logo to brand HireTrack NX"
"Rules","ScreenLogoMethod","SHORTINT","1","Normal = 0, Stretch = 1; P.Stetch = 2, Fit = 3, Fill =4"
"Rules","CustomRules","BYTE","1",""
"Rules","AutoReturnFromPrepHoursBuffer","INTEGER","4","The number of hours since an item''s dispatch time (scan), after which it can be assumed to have left the building and won''t be"
"Rules","NewCrewing","BOOLEAN","1","Determines whether a Job works with the new Crewing module by default"
"Rules","DefaultCrewShift1Start","TIME","4","Default for Crew Request"
"Rules","DefaultCrewShift1End","TIME","4","Default for Crew Request"
"Rules","CrewAffinityJobLink","BYTE","1","TCrewAffinityJobLink = (cajlJobSalesPerson, cajlJobHandler);"
"Rules","CrewChargeAmountNominal","INTEGER","4","Nominal code for enhanced crewing Shift charges"
"Rules","CrewChargePDsNominal","INTEGER","4","Nominal code for enhanced crewing PD charges"
"Rules","CrewChargeTravelNominal","INTEGER","4","Nominal code for enhanced crewing Travel charges"
"Rules","CrewChargeOvertimeNominal","INTEGER","4","Nominal code for enhanced crewing Overtime charges"
"Rules","CrewChargeAccomNominal","INTEGER","4","Nominal code for enhanced crewing Accommodation charges"
"Rules","CrewPayAmountNominal","INTEGER","4","Nominal code for enhanced crewing Shift Pay"
"Rules","CrewPayPDsNominal","INTEGER","4","Nominal code for enhanced crewing PD Pay"
"Rules","CrewPayTravelNominal","INTEGER","4","Nominal code for enhanced crewing Travel Pay"
"Rules","CrewPayOvertimeNominal","INTEGER","4","Nominal code for enhanced crewing Overtime Pay"
"Rules","CrewPayAccomNominal","INTEGER","4","Nominal code for enhanced crewing Accommodation costs"
"Rules","OpsNoteEqlistFieldVisiblity","BYTE","1","TOpsNoteEqlistFieldVisiblities = set of TOpsNoteEqlistFieldVisiblity =(oefvHeaderNotes1, oefvHeaderNotes2, oefvLineNotes)"
"Rules","StandAloneScanningAutoReturnWithFeedback","BYTE","1","TStandAloneScanningAutoReturnWithFeedbacks = set of TStandAloneScanningAutoReturnWithFeedback =(sasawfPrePackMaster, sasawfWareh"
"Rules","SMTP_Provider","BYTE","1","TEmailProvider = (epCustom, epGoogle, epMicrosoft, epHotmail, epYahoo); // Hotmail & Yahoo are domestic services and not support"
"Rules","IMAP_Provider","BYTE","1","TEmailProvider = (epCustom, epGoogle, epMicrosoft, epHotmail, epYahoo); // Hotmail & Yahoo are domestic services and not support"
"Rules","XMLInvoicing","BYTE","1","TXMLInvoicing = (xiNone, xiZugFerd); // extensible, e.g might need xiXRechnung (i.e. pure XML file send, not PDF hybrid, which i"
"Rules","StrictLocationScanning","BYTE","1","TStrictLocationScanning = (slsRelaxed, slsStrict, slsTransfer, slsUserSelects)"
"Rules","JobCommissionMode","BYTE","1","TJobCommissionMode = (jcmAsInvoiceDiscount, jcmAsVenuePurchaseCost, jcmAsClientPurchaseCost)"
"Rules","AddressCountryRequired","BOOLEAN","1","forces user to fill in, but not via table ""constraint"""
"Rules","ReadyPreppedOptions","BYTE","1","set of TPrePackOption = (ppoPrePackEditorOnCheckIn, ppoCloseCaseOnPrepScan, ppoEmptyCaseOnDispatch)"
"SORT","Lineref","AUTOINC","4","Lineref"
"SORT","Linecode","DWORD","4","Linecode"
"SORT","Type","INTEGER","4","Type"
"SORT","Quant","INTEGER","4","Quant"
"SORT","Xcat","INTEGER","4","Xcat"
"SORT","Eqlno","INTEGER","4","Eqlno"
"SORT","Virt","BOOLEAN","1","Virt"
"SORT","D1","TIMESTAMP","8","D1"
"SORT","D2","TIMESTAMP","8","D2"
"SORT","Alloc","INTEGER","4","Alloc - Discount (legacy)"
"SORT","Defcon","SMALLINT","2","Defcon"
"SORT","Subhire","BOOLEAN","1","Subhire"
"SORT","ListType","BYTE","1"," TWarehouseActivity = (waHires, waJobSubhires, waGlobalSubhires, waJobTransfers,



  waGlobalTransfers,   waVirtualWarehous"
"SORT","Daily","MONEY","8",""
"SORT","DailyMultiplier","FLOAT","4",""
"SORT","PreDiscount","MONEY","8","PreDiscount"
"SORT","Discount","FLOAT","4",""
"SORT","Price","MONEY","8","Price"
"SORT","InvoicedTotal","MONEY","8",""
"SORT","Invoiced","BOOLEAN","1",""
"SORT","Notes","CHARACTER LARGE OBJECT","8","Notes"
"SORT","Slink1","SMALLINT","2","Slink1"
"SORT","Slink2","SMALLINT","2","Returning To Warehouse"
"SORT","sectionID","INTEGER","4",""
"SORT","xFreeText","INTEGER","4",""
"SORT","SortOrder","FLOAT","4",""
"SORT","RecType","INTEGER","4",""
"SORT","xGUID","GUID","16",""
"SORT","LoansInQty","INTEGER","4",""
"SORT","SubHiredQty","INTEGER","4",""
"SORT","CarnetQty","INTEGER","4","Effectively a Pre-Prep field"
"SORT","PreppedQty","INTEGER","4",""
"SORT","Out","INTEGER","4","Out"
"SORT","Back","INTEGER","4","Back"
"SORT","CheckedInQty","INTEGER","4",""
"SORT","UnitWeight","FLOAT","4",""
"SORT","UnitValue","MONEY","8",""
"SORT","oldLineRef","INTEGER","4",""
"SORT","NotBack","BOOLEAN","1",""
"SORT","xLateEqlno","INTEGER","4",""
"SORT","xTransferInWarehouse","INTEGER","4","warehouse that is borrowing kit"
"SORT","xTransferToLine","INTEGER","4","For Job Loans point to the borrowing line; for extensions point to the original
rental line"
"SORT","ChargeQuantity","INTEGER","4",""
"SORT","xRepairStatus","SMALLINT","2",""
"SORT","Reserved","INTEGER","4",""
"SORT","Allocated","INTEGER","4","First come first served availablity"
"SORT","AnticipatedCostPrice","MONEY","8","For SALES Lists a UNIT COST from the Hetype AcquisitionCost fields; for RENTAL
Lists the TOTAL Extra costs for supplying the eq"
"SORT","CurrentCostPrice","MONEY","8","For SALES Lists a UNIT COST calculated from the average cost of the audit trail
records that will be used to fulfill this sale "
"SORT","xLastModifiedBy","INTEGER","4",""
"SORT","LastModified","TIMESTAMP","8",""
"SORT","Flagged","BOOLEAN","1","Allows the user to mark records for particular attention"
"SORT","xSubhireEarmarkFor","INTEGER","4","for earmarked for subhiring again records this links to LineRef of original booking record"
"SORT","SnapshotAV","INTEGER","4","the availability of record when it was created. Null if xSubhireEarmarkFor is assigned"
"SORT","SnapshotAVView","INTEGER","4","TAvailabilityView = (avJobQuotePlus, avHpAVPlusAndCurrentList, avHpConfirmedPlusAndCurrentList, avOff, avFromNoteBook), i.e. wha"
"SORT","CreatedOn","TIMESTAMP","8",""
"SORT","WarehouseNotes","CHARACTER LARGE OBJECT","8",""
"SQL$Timed_Triggers","Index","AUTOINC","4",""
"SQL$Timed_Triggers","Monday","BOOLEAN","1",""
"SQL$Timed_Triggers","Tuesday","BOOLEAN","1",""
"SQL$Timed_Triggers","Wednesday","BOOLEAN","1",""
"SQL$Timed_Triggers","Thursday","BOOLEAN","1",""
"SQL$Timed_Triggers","Friday","BOOLEAN","1",""
"SQL$Timed_Triggers","Saturday","BOOLEAN","1",""
"SQL$Timed_Triggers","Sunday","BOOLEAN","1",""
"SQL$Timed_Triggers","DayOfMonth","BYTE","1",""
"SQL$Timed_Triggers","RunTime","TIME","4",""
"SQL$Timed_Triggers","LastRunDate","DATE","4",""
"SQL$Timed_Triggers","LastRunTime","TIME","4",""
"SQL$Timed_Triggers","SQL","CHARACTER LARGE OBJECT","8",""
"SQL$Timed_Triggers","Name","SHORTSTRING","31",""
"SQL$Timed_Triggers","Timeout","INTEGER","4",""
"SQL$Timed_Triggers","Always","BOOLEAN","1",""
"SageProjects","Idx","AUTOINC","4",""
"SageProjects","ProjectID","INTEGER","4",""
"SageProjects","ProjectReference","SHORTSTRING","21",""
"Sales_short","Type","INTEGER","4","Type"
"Sales_short","Slevel","INTEGER","4","Slevel"
"Sales_short","Loc1","INTEGER","4","Loc1"
"Sales_short","Loc2","INTEGER","4","Loc2"
"Sales_short","Loc3","INTEGER","4","Loc3"
"Sales_short","Loc4","INTEGER","4","Loc4"
"Sales_short","Loc5","INTEGER","4","Loc5"
"Sales_short","Loc6","INTEGER","4","Loc6"
"Sales_short","Loc7","INTEGER","4","Loc7"
"Sales_short","Loc8","INTEGER","4","Loc8"
"Sales_short","Loc9","INTEGER","4","Loc9"
"Sales_short","Loc10","INTEGER","4","Loc10"
"Sales_short","Loc11","INTEGER","4","Loc11"
"Sales_short","Loc12","INTEGER","4","Loc12"
"Sales_short","Loc13","INTEGER","4","Loc13"
"Sales_short","Loc14","INTEGER","4","Loc14"
"Sales_short","Loc15","INTEGER","4","Loc15"
"Sales_short","Loc16","INTEGER","4","Loc16"
"Sales_short","Description","SHORTSTRING","51","Description"
"Sales_short","Category","INTEGER","4","Category"
"Sales_short","Description_1","INTEGER","4","Description_1"
"Sales_short","SortOrder","INTEGER","4","SortOrder"
"ScheduledDataUpdates","Idx","AUTOINC","4",""
"ScheduledDataUpdates","DBVersion","INTEGER","4",""
"ScheduledDataUpdates","Narrative","CHARACTER VARYING","256",""
"ScheduledDataUpdates","RecordsToBeChanged","INTEGER","4",""
"ScheduledDataUpdates","CreatedDate","TIMESTAMP","8",""
"ScheduledDataUpdates","CompletedDate","TIMESTAMP","8",""
"ScheduledDataUpdates","SQLCode","CHARACTER LARGE OBJECT","8",""
"ServicePics","IDX","AUTOINC","4",""
"ServicePics","xServiceID","INTEGER","4",""
"ServicePics","Photo","IMAGE","8",""
"ServicePics","ImageClassName","SHORTSTRING","26",""
"Similars","IDX","AUTOINC","4",""
"Similars","Name","SHORTSTRING","101",""
"Sites","IDX","INTEGER","4",""
"Sites","SiteName","SHORTSTRING","51",""
"Sites","WarehouseSites","BIGINT","8","bitwise store of sites whose wareshouses are available to IDX"
"Sites","xCurrency","BYTE","1","looks up currency table"
"Sites","xLegalEntity","INTEGER","4",""
"Sites","SortOrder","INTEGER","4",""
"SmartTagCategory","Idx","AUTOINC","4",""
"SmartTagCategory","Description","SHORTSTRING","51",""
"SmartTagCategory","Pen","INTEGER","4",""
"SmartTagCategory","Brush","INTEGER","4",""
"SmartTagCategory","TextColor","INTEGER","4",""
"SmartTagCategory","TagType","BYTE","1","TTagType = (ttSystem, ttJob, ttCompany, ttPerson, ttEquipmentType, ttEquipmentItem, ttProject, ttCRM, ttEquipmentList, ttPurchas"
"SmartTags","Idx","AUTOINC","4",""
"SmartTags","Tag","CHARACTER VARYING","256",""
"SmartTags","xCurrentCategory","INTEGER","4",""
"SmartTags","xCreatedCategory","INTEGER","4",""
"SmartTags","TagValue","CHARACTER VARYING","256",""
"SmartTags","TagOwnerType","BYTE","1","TTagType = (ttSystem, ttJob, ttCompany, ttPerson, ttEquipmentType, ttEquipmentItem, ttProject, ttCRM, ttEquipmentList, ttPurchas"
"SmartTags","xRef","INTEGER","4",""
"SmartTags","SortOrder","INTEGER","4",""
"SmartTags","xParentTag","INTEGER","4",""
"SmartTags","Original","BOOLEAN","1",""
"SmartTags","xCreatedBy","INTEGER","4",""
"StockTakeDetails","IDX","AUTOINC","4",""
"StockTakeDetails","xStockTake","INTEGER","4",""
"StockTakeDetails","xTypeID","INTEGER","4",""
"StockTakeDetails","Quantity","INTEGER","4",""
"StockTakeDetails","xItemID","INTEGER","4",""
"StockTakeDetails","xUserSeen","INTEGER","4",""
"StockTakeDetails","SeenDate","TIMESTAMP","8",""
"StockTakeDetails","xAction","INTEGER","4",""
"StockTakeDetails","xActionLookup","INTEGER","4","e.g. site or warehouse"
"StockTakeDetails","ActionNotes","CHARACTER LARGE OBJECT","8",""
"StockTakeDetails","xUserProcessed","INTEGER","4",""
"StockTakeDetails","ProcessedDate","TIMESTAMP","8",""
"StockTakeDetails","xActioned","INTEGER","4",""
"StockTakeDetails","xActionedLookup","INTEGER","4","e.g. site or warehouse"
"StockTakeDetails","xUserActioned","INTEGER","4",""
"StockTakeDetails","ActionedDate","TIMESTAMP","8",""
"StockTakeDetails","ActionedNotes","CHARACTER LARGE OBJECT","8",""
"StockTakeDetails","xSystemRecord","INTEGER","4",""
"StockTakeGroups","Idx","AUTOINC","4",""
"StockTakeGroups","Title","CHARACTER VARYING","101",""
"StockTakeGroups","CustomSQLRunDate","TIMESTAMP","8",""
"StockTakes","IDX","AUTOINC","4",""
"StockTakes","Title","SHORTSTRING","51",""
"StockTakes","StartDate","TIMESTAMP","8",""
"StockTakes","xWarehouse","INTEGER","4",""
"StockTakes","Active","BOOLEAN","1",""
"StockTakes","InActiveDate","TIMESTAMP","8",""
"StockTakes","xCreatedBy","INTEGER","4",""
"StockTakes","CreatedDate","TIMESTAMP","8",""
"StockTakes","CustomSQLRunDate","TIMESTAMP","8",""
"StockTakes","xStockTakeGroup","INTEGER","4",""
"TERMS","Terms_Idx","AUTOINC","4","Terms_Idx"
"TERMS","Days","SMALLINT","2","Days"
"TERMS","Terms","SHORTSTRING","26","Terms"
"TRANJOB","idx","AUTOINC","4",""
"TRANJOB","Spec_vehicle","INTEGER","4","Spec_vehicle"
"TRANJOB","Request","INTEGER","4","looks up Tranplan.TransportCounter"
"TRANJOB","ActualDate","TIMESTAMP","8","ActualDate"
"TRANJOB","ActualBackDate","TIMESTAMP","8",""
"TRANJOB","Diststart","INTEGER","4","Diststart"
"TRANJOB","DistReturn","INTEGER","4","DistReturn"
"Tranplan","TransportCounter","AUTOINC","4","TransportCounter"
"Tranplan","Job_number","INTEGER","4","Job_number"
"Tranplan","xHeader","INTEGER","4",""
"Tranplan","Vehicle_Type","INTEGER","4","Vehicle_Type"
"Tranplan","xStatus","SMALLINT","2",""
"Tranplan","Qty","INTEGER","4",""
"Tranplan","BeforeAfter","SHORTSTRING","2","Legacy"
"Tranplan","Time","TIME","4","Legacy"
"Tranplan","Date","DATE","4","Legacy"
"Tranplan","Pickup","BOOLEAN","1","Legacy"
"Tranplan","TripMode","BYTE","1","TTripMode"
"Tranplan","StartDate","TIMESTAMP","8",""
"Tranplan","EndDate","TIMESTAMP","8",""
"Tranplan","Period","FLOAT","4",""
"Tranplan","PeriodUnitPrice","MONEY","8",""
"Tranplan","Distance","INTEGER","4",""
"Tranplan","DistanceUnitPrice","MONEY","8",""
"Tranplan","DistanceChargeMode","BYTE","1","TDistanceChargeMode"
"Tranplan","Notes","CHARACTER LARGE OBJECT","8","Notes"
"Tranplan","CollectAddress","INTEGER","4","Going to Address"
"Tranplan","Allocated","BOOLEAN","1","Legacy"
"Tranplan","Charge","MONEY","8","Charge"
"Tranplan","TaxCharge","MONEY","8",""
"Tranplan","ChargeIncTax","MONEY","8",""
"Tranplan","LastQuotedTotal","MONEY","8",""
"Tranplan","InvoicedTotal","MONEY","8",""
"Tranplan","Invoiced","BOOLEAN","1",""
"Tranplan","DeliveryAddress","INTEGER","4","Dest Warehouse - internal runs only"
"Tranplan","Supplier","INTEGER","4","Supplier"
"Tranplan","Cost","MONEY","8","Cost"
"Tranplan","Purchased","MONEY","8","Purchased"
"Tranplan","Driver","INTEGER","4","Driver"
"Tranplan","Selected","BOOLEAN","1",""
"Tranplan","QtyAlloc","INTEGER","4",""
"Tranplan","CreatedBy","INTEGER","4",""
"Tranplan","CreatedDate","TIMESTAMP","8",""
"Tranplan","ModifiedBy","INTEGER","4",""
"Tranplan","ModifiedDate","TIMESTAMP","8",""
"Tranplan","Ordered","BOOLEAN","1",""
"Tranplan","EqlistsAllocated","INTEGER","4",""
"Tranplan","xTransportTask","INTEGER","4",""
"Tranplan","Active","BOOLEAN","1",""
"Tranplan","QuoteCount","INTEGER","4",""
"Tranplan","DeliveryAddressType","BYTE","1","TMultiAddressType = (matMain, matAccounts, matDelivery, matRegistered)"
"TranplanHeader","Idx","AUTOINC","4",""
"TranplanHeader","xJob","INTEGER","4",""
"TranplanHeader","xTranplanFunction","INTEGER","4",""
"TranplanHeader","Description","SHORTSTRING","101",""
"TranplanHeader","xStatus","SMALLINT","2",""
"TranplanHeader","CreatedBy","INTEGER","4",""
"TranplanHeader","CreatedDate","TIMESTAMP","8",""
"TranplanHeader","ModifiedBy","INTEGER","4",""
"TranplanHeader","ModifiedDate","TIMESTAMP","8",""
"TransDistancePriceBands","IDX","AUTOINC","4",""
"TransDistancePriceBands","xVehicleType","INTEGER","4",""
"TransDistancePriceBands","Distance","INTEGER","4",""
"TransDistancePriceBands","DistanceA","MONEY","8",""
"TransDistancePriceBands","DistanceB","MONEY","8",""
"TransDistancePriceBands","DistanceC","MONEY","8",""
"TransDistancePriceBands","DistanceD","MONEY","8",""
"TransEqlNew","Idx","AUTOINC","4","Idx"
"TransEqlNew","Eqlno","INTEGER","4","Eqlno"
"TransEqlNew","TransportRef","INTEGER","4","TransportRef"
"TransFunction","Idx","AUTOINC","4",""
"TransFunction","Description","SHORTSTRING","51",""
"Translation","Idx","AUTOINC","4",""
"Translation","FileName","NATIONAL CHARACTER VARYING","102","Name of Language File"
"Translation","Native","BOOLEAN","1","Is this the Native language file"
"Translation","Modified","TIMESTAMP","8","Last Modified"
"Translation","Locked","BOOLEAN","1","Is this Locked (used on native record only)"
"Translation","xLockedBy","INTEGER","4","Who Locked it last"
"Translation","LockedOnPC","SHORTSTRING","16","Which PC was it locked on"
"Translation","ProgramVerLSB","DWORD","4","The Version as a Long Wrd of the HireTrackNX exe (LSB)"
"Translation","ProgramVerMSB","DWORD","4","The Version as a Long Wrd of the HireTrackNX exe (MSB)"
"Translation","Data","BINARY LARGE OBJECT","8","Translation File streamed to data field"
"TransportTasks","IDX","AUTOINC","4",""
"TransportTasks","Task","SHORTSTRING","51",""
"TransportTasks","Status","BYTE","1","TRecordStatus = (rsAny, ctsLegacy, ctsNew, ctsRetired)"
"Trigger_logs","Idx","AUTOINC","4",""
"Trigger_logs","APIKey","GUID","16",""
"Trigger_logs","Record_ID","INTEGER","4",""
"Trigger_logs","CreatedTime","TIMESTAMP","8",""
"Trigger_logs","Posted","BOOLEAN","1",""
"TypeLocations","idx","AUTOINC","4",""
"TypeLocations","xWarehouse","SMALLINT","2",""
"TypeLocations","xType","INTEGER","4",""
"TypeLocations","xLocation","INTEGER","4",""
"TypePics","IDX","AUTOINC","4",""
"TypePics","TypeID","INTEGER","4",""
"TypePics","Image","IMAGE","8",""
"TypePics","ImageClassName","SHORTSTRING","26",""
"TypePics","TypeDefault","BOOLEAN","1",""
"TypePics","xImageType","INTEGER","4",""
"UserFeatures","IDX","AUTOINC","4",""
"UserFeatures","xUser","SMALLINT","2",""
"UserFeatures","xFeatureCollection","SMALLINT","2",""
"UserImages","Idx","AUTOINC","4",""
"UserImages","xUser","INTEGER","4",""
"UserImages","xImageType","INTEGER","4","link to ImagesTypes.nx1"
"UserImages","UserImage","IMAGE","8",""
"UserImages","ImageValid","BOOLEAN","1",""
"UserImages","Active","BOOLEAN","1",""
"UserJobs","IDX","AUTOINC","4",""
"UserJobs","xUser","SMALLINT","2",""
"UserJobs","xMyWorkID","INTEGER","4",""
"UserJobs","xMyWork","BYTE","1","cf. TMyWork"
"UserJobs","AccessDate","TIMESTAMP","8",""
"UserReportingGroups","xUser","SMALLINT","2",""
"UserReportingGroups","xReportingGroup","SMALLINT","2",""
"UserSettings","Idx","AUTOINC","4",""
"UserSettings","User","CHARACTER VARYING","41",""
"UserSettings","Section","CHARACTER VARYING","201",""
"UserSettings","Key","CHARACTER VARYING","101",""
"UserSettings","Value","CHARACTER LARGE OBJECT","8",""
"UserTypes","IDX","AUTOINC","4",""
"UserTypes","Description","SHORTSTRING","51",""
"UserTypesLkp","IDX","AUTOINC","4",""
"UserTypesLkp","xUser","SMALLINT","2",""
"UserTypesLkp","xUserType","SMALLINT","2",""
"Users","UID","AUTOINC","4",""
"Users","UserName","SHORTSTRING","51","User Name"
"Users","Password","SHORTSTRING","51",""
"Users","JoinDate","DATE","4",""
"Users","FirstName","SHORTSTRING","51",""
"Users","LastName","SHORTSTRING","51",""
"Users","Email","SHORTSTRING","101",""
"Users","xManager","INTEGER","4",""
"Users","Active","BOOLEAN","1",""
"Users","Department","INTEGER","4",""
"Users","ServerLoginID","GUID","16",""
"Users","ServerLoginPassword","GUID","16",""
"Users","DefaultSite","BYTE","1",""
"Users","DefaultWarehouse","BYTE","1",""
"Users","UserSites","BIGINT","8","Key that stores all the sites a user has access to"
"Users","Administrator","BOOLEAN","1",""
"Users","SystemAdmin","BOOLEAN","1",""
"Users","SMTP_UserName","SHORTSTRING","51",""
"Users","SMTP_Password","SHORTSTRING","51",""
"Users","ccEmailAddress","SHORTSTRING","101",""
"Users","replyToEmailAddress","SHORTSTRING","101",""
"Users","LastLoggedIn","TIMESTAMP","8",""
"Users","TempPassword","BOOLEAN","1",""
"Users","PasswordLastChanged","TIMESTAMP","8",""
"Users","PasswordChangeIP","SHORTSTRING","51",""
"Users","RemindersIntervalMinutes","WORD","2",""
"Users","ReminderModes","BYTE","1",""
"Users","MobileWork","CHARACTER VARYING","31",""
"Users","MobileHome","CHARACTER VARYING","31",""
"Users","PhoneHome","CHARACTER VARYING","31",""
"Users","PhoneWork","CHARACTER VARYING","31",""
"Users","xCreatedBy","INTEGER","4",""
"Users","CreatedOn","TIMESTAMP","8",""
"Users","AD_GUID","GUID","16",""
"Users","PreferedLocale","SMALLINT","2","Stores the Prefered Language for translation"
"Users","LastLoggedInIP","SHORTSTRING","51",""
"Users","APIKey","GUID","16",""
"Users","OneTimeLogin","GUID","16",""
"Users","RestrictionType","INTEGER","4","bitwise storage of SET OF TUserRestrictionType = (urtNone, urtJobs)"
"Users","LocaleIDForDateTimeFormats","DWORD","4","Option to specify how dates and times should be displayed for the user. Required for Thinfinity remote desktop"
"Users","IsCrew","BOOLEAN","1",""
"Users","xCrewID","INTEGER","4",""
"WarehouseTransitTimes","IDX","AUTOINC","4",""
"WarehouseTransitTimes","WarehouseFrom","INTEGER","4",""
"WarehouseTransitTimes","WarehouseTo","INTEGER","4",""
"WarehouseTransitTimes","Hours","INTEGER","4",""
"Warehouses","IDX","INTEGER","4",""
"Warehouses","WarehouseName","CHARACTER VARYING","101",""
"Warehouses","xSite","BYTE","1",""
"Warehouses","WHLevelColumn","BYTE","1",""
"Warehouses","IsDefault","BOOLEAN","1",""
"Warehouses","DefaultDonorWH","INTEGER","4","for real warehouses only"
"Warehouses","virtual","BOOLEAN","1",""
"Warehouses","virtualArchived","BOOLEAN","1",""
"Warehouses","Colour","INTEGER","4","TColor = -2147483648..2147483647"
"Warehouses","SortOrder","INTEGER","4",""
"WebHooks","Idx","AUTOINC","4",""
"WebHooks","APIKey","GUID","16",""
"WebHooks","WebHookURL","CHARACTER VARYING","2001",""
"WebHooks","Active","BOOLEAN","1",""
"WhAudit","IDX","AUTOINC","4",""
"WhAudit","Quantity","INTEGER","4",""
"WhAudit","StockPool","BYTE","1","TStockPool"
"WhAudit","xType","INTEGER","4",""
"WhAudit","xWarehouse","INTEGER","4",""
"WhAudit","xSite","BYTE","1","quick lookup"
"WhAudit","StockManageOperation","BYTE","1","see TStockManageOperation"
"WhAudit","xTransferTo","INTEGER","4","Link to Receivers transfer IN record"
"WhAudit","xTransferFrom","INTEGER","4","Link to Donors  transfer OUTrecord"
"WhAudit","xAudit","INTEGER","4","Link to Stock IN or Stock OUT records in Audit table"
"WhAudit","TransactionDate","TIMESTAMP","8",""
"WhAudit","xUser","SMALLINT","2",""
"WhAudit","xOperationDetail","INTEGER","4",""
"WhAudit","KeepAuditType","BYTE","1","TKeepAuditType"
"WhAudit","xSwapStockIn","INTEGER","4","This column is not used and should never have been created"
"Whlevel","IDX","AUTOINC","4",""
"Whlevel","xSite","SMALLINT","2",""
"Whlevel","Typeidx","INTEGER","4","Typeidx"
"Whlevel","StockPool","BYTE","1","TStockPool"
"Whlevel","SiteOwns","INTEGER","4",""
"Whlevel","SiteStockLevel","INTEGER","4",""
"Whlevel","LastStockManageOperation","BYTE","1","see TStockManageOperation"
"Whlevel","MinStockLevel","INTEGER","4","Subtract this figure from Availablity as seen by other warehouses"
"Whlevel","Loc1","INTEGER","4","Loc1"
"Whlevel","Loc2","INTEGER","4","Loc2"
"Whlevel","Loc3","INTEGER","4","Loc3"
"Whlevel","Loc4","INTEGER","4","Loc4"
"Whlevel","Loc5","INTEGER","4","Loc5"
"Whlevel","Loc6","INTEGER","4","Loc6"
"Whlevel","Loc7","INTEGER","4","Loc7"
"Whlevel","Loc8","INTEGER","4","Loc8"
"Whlevel","Loc9","INTEGER","4","Loc9"
"Whlevel","Loc10","INTEGER","4","Loc10"
"Whlevel","Loc11","INTEGER","4","Loc11"
"Whlevel","Loc12","INTEGER","4","Loc12"
"Whlevel","Loc13","INTEGER","4","Loc13"
"Whlevel","Loc14","INTEGER","4","Loc14"
"Whlevel","Loc15","INTEGER","4","Loc15"
"Whlevel","Loc16","INTEGER","4","Loc16"
"Whlevel","Loc17","INTEGER","4","Loc17"
"Whlevel","Loc18","INTEGER","4","Loc18"
"Whlevel","Loc19","INTEGER","4","Loc19"
"Whlevel","Loc20","INTEGER","4","Loc20"
"Whlevel","Loc21","INTEGER","4","Loc21"
"Whlevel","Loc22","INTEGER","4","Loc22"
"Whlevel","Loc23","INTEGER","4","Loc23"
"Whlevel","Loc24","INTEGER","4","Loc24"
"Whlevel","Loc25","INTEGER","4","Loc25"
"Whlevel","Loc26","INTEGER","4","Loc26"
"Whlevel","Loc27","INTEGER","4","Loc27"
"Whlevel","Loc28","INTEGER","4","Loc28"
"Whlevel","Loc29","INTEGER","4","Loc29"
"Whlevel","Loc30","INTEGER","4","Loc30"
"Whlevel","Loc31","INTEGER","4","Loc31"
"Whlevel","Loc32","INTEGER","4","Loc32"
"Whlevel","Loc33","INTEGER","4","Loc33"
"Whlevel","Loc34","INTEGER","4","Loc34"
"Whlevel","Loc35","INTEGER","4","Loc35"
"Whlevel","LOC36","INTEGER","4",""
"Whlevel","LOC37","INTEGER","4",""
"Whlevel","LOC38","INTEGER","4",""
"Whlevel","LOC39","INTEGER","4",""
"Whlevel","LOC40","INTEGER","4",""
"Whlevel","LOC41","INTEGER","4",""
"Whlevel","LOC42","INTEGER","4",""
"Whlevel","LOC43","INTEGER","4",""
"Whlevel","LOC44","INTEGER","4",""
"Whlevel","LOC45","INTEGER","4",""
"Whlevel","LOC46","INTEGER","4",""
"Whlevel","LOC47","INTEGER","4",""
"Whlevel","LOC48","INTEGER","4",""
"Whlevel","LOC49","INTEGER","4",""
"Whlevel","LOC50","INTEGER","4",""
"Whlevel","LOC51","INTEGER","4",""
"Whlevel","LOC52","INTEGER","4",""
"Whlevel","LOC53","INTEGER","4",""
"Whlevel","LOC54","INTEGER","4",""
"Whlevel","LOC55","INTEGER","4",""
"Whlevel","LOC56","INTEGER","4",""
"Whlevel","LOC57","INTEGER","4",""
"Whlevel","LOC58","INTEGER","4",""
"Whlevel","LOC59","INTEGER","4",""
"Whlevel","LOC60","INTEGER","4",""
"Whlevel","LOC61","INTEGER","4",""
"Whlevel","LOC62","INTEGER","4",""
"Whlevel","LOC63","INTEGER","4",""
"WorkFlowBLOBS","IDX","GUID","16",""
"WorkFlowBLOBS","xWorkflow","INTEGER","4",""
"WorkFlowBLOBS","FileBLOB","BINARY LARGE OBJECT","8",""
"WorkFlowBLOBS","FileBLOBType","BYTE","1","TFileBLOBType = (fbtImage, fbtPDF)"
"WorkFlowBLOBS","xWorkflowInstance","INTEGER","4","Link to instance of workflow, rather than the design"
"WorkFlowBLOBS","ID","AUTOINC","4",""
"WorkFlowInstances","IDX","AUTOINC","4",""
"WorkFlowInstances","xWorkFlowTemplate","INTEGER","4",""
"WorkFlowInstances","xRunBy","INTEGER","4",""
"WorkFlowInstances","RunDate","TIMESTAMP","8",""
"WorkFlowInstances","Instance","CHARACTER LARGE OBJECT","8","Answers stored as JSON"
"WorkFlowInstances","Status","BYTE","1","TWorkFlowInstanceStatus = (wfisCreated, wfisInProgress, wfisCompleted)"
"WorkFlowInstances","Mode","BYTE","1","TWorkflowWizardMode = (wmTest, wmLive)"
"WorkFlowInstances","xLinkID","INTEGER","4","link to the primary key of anything that the Workflow was carried out on, e.g. barcode, equipment type, Company, etc"
"WorkFlowTargets","IDX","AUTOINC","4",""
"WorkFlowTargets","xWorkFlowID","INTEGER","4",""
"WorkFlowTargets","xTargetID","INTEGER","4",""
"WorkFlowTemplates","IDX","AUTOINC","4",""
"WorkFlowTemplates","xWorkFlow","INTEGER","4",""
"WorkFlowTemplates","xModifiedBy","INTEGER","4",""
"WorkFlowTemplates","ModifiedDate","TIMESTAMP","8",""
"WorkFlowTemplates","Template","CHARACTER LARGE OBJECT","8","Questions stored as JSON"
"WorkFlowTemplates","Status","BYTE","1","TWorkFlowTemplateStatus = (wftsDesigningValidated, wftsDesigningNotValidated, wftsPublishedUnused, wftsPublishedUsed, wftsSuperc"
"WorkFlows","IDX","AUTOINC","4",""
"WorkFlows","Title","CHARACTER VARYING","101",""
"WorkFlows","WorkFlowType","BYTE","1","TWorkFlowType = (wftNone, wftJob, wftVenue, wftEquipment)"
"WorkFlows","WorkFlowTargetGroup","BYTE","1","TWorkFlowTargetGroup = (wftgNone, wftgEqType, wftgBarcode)"
"WorkFlows","Forms","DWORD","4","bitwise storage of TWorkFlowForms = set of TWorkFlowForm"
"WorkFlows","xCreatedBy","INTEGER","4",""
"WorkFlows","CreationDate","TIMESTAMP","8",""
"WorkFlows","Archived","BOOLEAN","1",""
"WorkFlows","WritesExternalData","BOOLEAN","1","Specifies if user inputs should write to WorkFlowsExternalData"
"WorkFlows","WritesExternalDataVirtualTableName","CHARACTER VARYING","51","Possible solution to reporting via a ##Session temp table"
"WorkFlows","Version","WORD","2","if 0 then no workflowtemplate records exist for this yet"
"WorkFlows","SaveMode","BYTE","1","TWorkflowSaveMode = (wsmAutoDecide, wsmAlwaysSave, wsmAlwaysDiscard)"
"WorkFlowsExternalData","IDX","AUTOINC","4",""
"WorkFlowsExternalData","xWorkflowInstance","INTEGER","4",""
"WorkFlowsExternalData","xStageGUID","GUID","16","link to the ID of the Stage that is capturing the data, stored in as JSON in WorkFlowInstances.Instance"
"WorkFlowsExternalData","FieldName","CHARACTER VARYING","51",""
"WorkFlowsExternalData","FieldValue","CHARACTER VARYING","256",""
"WorkFlowsExternalData","FieldType","BYTE","1","TExternalDataType = (edtText, edtNumber, edtCurrency, edtDate, edtDateTime, edtTime, edtPhoto, edtBoolean, edtPicklist)"
"ai_inv","Counter","AUTOINC","4","Counter"
"ai_inv","Inv_type","BYTE","1","TAccountsDocument"
"ai_inv","xInvNo","INTEGER","4","looks up either Rental or Sales Invoice"
"ai_purc","Counter","AUTOINC","4","Counter"
"ai_purc","Inv_type","BYTE","1","TAccountsDocument"
"ai_purc","xInvNo","INTEGER","4",""
"aieqlist","Eql_no","AUTOINC","4","Eql_no"
"aieqlist","Jobno","INTEGER","4","Jobno"
"alloc","Allocref","AUTOINC","4","Allocref"
"alloc","Itemref2","INTEGER","4","Itemref2"
"alloc","Lineref2","INTEGER","4","Lineref2"
"category","Category","INTEGER","4","Category"
"category","Description","SHORTSTRING","101","Description"
"category","N","BOOLEAN","1","N"
"category","SortOrder","FLOAT","4","SortOrder"
"category","MasterCat","INTEGER","4","MasterCat"
"category","Sales","BOOLEAN","1",""
"category","xLinkedCat","INTEGER","4","Matching category for auto created linked types in a different class"
"compfilt","CompanyFilterCounter","AUTOINC","4","CompanyFilterCounter"
"compfilt","CompanyFilterDescription","SHORTSTRING","51","CompanyFilterDescription"
"compfllk","IDX","AUTOINC","4",""
"compfllk","Company","INTEGER","4","Company"
"compfllk","Filter","INTEGER","4","Filter"
"config1","Link","BYTE","1","Link"
"config1","InvoiceHead","SHORTSTRING","11","InvoiceHead"
"config1","InvoiceTrail","SHORTSTRING","11","InvoiceTrail"
"config1","InvoiceStart","INTEGER","4","InvoiceStart"
"config1","InvCreditHead","SHORTSTRING","11",""
"config1","InvCreditTrail","SHORTSTRING","11",""
"config1","POHead","SHORTSTRING","11","POHead"
"config1","POTrail","SHORTSTRING","11","POTrail"
"config1","POCreditHead","SHORTSTRING","11",""
"config1","POCreditTrail","SHORTSTRING","11",""
"config1","POStart","INTEGER","4","POStart"
"config1","JobHead","SHORTSTRING","11","JobHead"
"config1","JobTrail","SHORTSTRING","11","JobTrail"
"config1","JobStart","INTEGER","4","JobStart"
"config1","Yourname","SHORTSTRING","51","Yourname"
"config1","Youraddr1","SHORTSTRING","51","Youraddr1"
"config1","Youraddr2","SHORTSTRING","51","Youraddr2"
"config1","Youraddr3","SHORTSTRING","51","Youraddr3"
"config1","Yourtown","SHORTSTRING","51","Yourtown"
"config1","YourCounty","SHORTSTRING","51","YourCounty"
"config1","Yourpost","SHORTSTRING","21","Yourpost"
"config1","Yourtel","SHORTSTRING","21","Yourtel"
"config1","Yourfax","SHORTSTRING","21","Yourfax"
"config1","YourEmail","SHORTSTRING","51","YourEmail"
"config1","YourURL","SHORTSTRING","51","YourURL"
"config1","Delivterms","CHARACTER LARGE OBJECT","8","Delivterms"
"config1","Sigtext","SHORTSTRING","51","Sigtext"
"config1","Eqlhead","SHORTSTRING","11","Eqlhead"
"config1","Eqltrail","SHORTSTRING","11","Eqltrail"
"config1","Eqlstart","INTEGER","4","Eqlstart"
"config1","Appendjob","BOOLEAN","1","Appendjob"
"config1","Subhead","SHORTSTRING","11","Subhead"
"config1","Subtrail","SHORTSTRING","11","Subtrail"
"config1","Substart","INTEGER","4","Substart"
"config1","Alpha1","SHORTSTRING","26","Alpha1"
"config1","Int1","INTEGER","4","Int1"
"config1","Int2","INTEGER","4","Int2"
"config1","MasterOffset","INTEGER","4","MasterOffset"
"config1","VATNumber","CHARACTER VARYING","26",""
"config1","CompanyRegNo","CHARACTER VARYING","26",""
"config1","RegisteredAddress","CHARACTER LARGE OBJECT","8",""
"config1","Country","CHARACTER VARYING","31",""
"config1","SubhireNumberRestart","BOOLEAN","1",""
"config1","RentalTerms","CHARACTER LARGE OBJECT","8",""
"config1","SalesTerms","CHARACTER LARGE OBJECT","8",""
"config1","InvoiceTerms","CHARACTER LARGE OBJECT","8",""
"config1","POTerms","CHARACTER LARGE OBJECT","8",""
"config1","ExtraTerms1","CHARACTER LARGE OBJECT","8",""
"config1","ExtraTerms2","CHARACTER LARGE OBJECT","8",""
"config1","SalesHead","SHORTSTRING","11",""
"config1","SalesTrail","SHORTSTRING","11",""
"config1","SalesStart","INTEGER","4",""
"config1","SalesNumberRestart","BOOLEAN","1",""
"config1","SalesOrderHead","SHORTSTRING","11",""
"config1","SalesOrderTrail","INTEGER","4",""
"config1","SalesOrderStart","INTEGER","4",""
"config1","SalesOrderNumberRestart","BOOLEAN","1",""
"config1","Logo","IMAGE","8",""
"config1","LocalTaxIdentifier","CHARACTER VARYING","31","The local identification (defined by the SellerвЂ™s address) of the Seller for tax purposes or a reference that enables the Sell"
"creditcard","Orderlink","INTEGER","4","Orderlink"
"creditcard","Cardnumber","SHORTSTRING","41","Cardnumber"
"creditcard","Cardtype","SMALLINT","2","Cardtype"
"creditcard","Details","CHARACTER LARGE OBJECT","8","Details"
"creditcard","Companylink","INTEGER","4","Companylink"
"creditcard","Checkcode","SMALLINT","2","Checkcode"
"creditcard","Authcode","SMALLINT","2","Authcode"
"creditcard","Expiration","TIMESTAMP","8","Expiration"
"crmActivities","Idx","AUTOINC","4",""
"crmActivities","xCrmlead","INTEGER","4",""
"crmActivities","xCreatedby","INTEGER","4",""
"crmActivities","CreatedDate","TIMESTAMP","8",""
"crmActivities","xActionType","INTEGER","4",""
"crmActivities","Description","SHORTSTRING","51",""
"crmActivities","TodoBy","TIMESTAMP","8",""
"crmActivities","Notes","CHARACTER LARGE OBJECT","8",""
"crmActivities","xHandler","INTEGER","4",""
"crmActivities","xPriority","INTEGER","4",""
"crmActivities","xStatus","INTEGER","4",""
"crmActivities","xEmail","INTEGER","4",""
"crmActivities","xContact","INTEGER","4",""
"crmActivities","ReminderType","BYTE","1","TReminderType = (rsNoReminder,rtHourBefore, rtHourBefore, rtDayBefore,

rtThreeDaysBefore, rtWeekBefore,
rtTwoWeeksBefore, rt"
"crmActivityPriority","IDX","AUTOINC","4",""
"crmActivityPriority","Priority_text","SHORTSTRING","26",""
"crmActivityStatus","IDX","AUTOINC","4",""
"crmActivityStatus","Completed","BOOLEAN","1",""
"crmActivityStatus","Statustext","SHORTSTRING","26",""
"crmActivityTypes","Idx","AUTOINC","4",""
"crmActivityTypes","ActionText","SHORTSTRING","81",""
"crmCampaign","Idx","AUTOINC","4",""
"crmCampaign","CampaignText","SHORTSTRING","81",""
"crmLeadSource","Idx","AUTOINC","4",""
"crmLeadSource","SourceText","SHORTSTRING","51",""
"crmLeadStatus","Idx","AUTOINC","4",""
"crmLeadStatus","StatusText","SHORTSTRING","31",""
"crmLeadStatus","Complete","BOOLEAN","1",""
"crmLeadStatus","Likelyhood","INTEGER","4",""
"crmLeadType","Idx","AUTOINC","4",""
"crmLeadType","Description","SHORTSTRING","51",""
"crmLeads","Idx","AUTOINC","4",""
"crmLeads","xCompany","INTEGER","4","Customer"
"crmLeads","xLeadType","INTEGER","4",""
"crmLeads","xLeadStatus","INTEGER","4",""
"crmLeads","xLeadSource","INTEGER","4",""
"crmLeads","CreationDate","TIMESTAMP","8",""
"crmLeads","CreatedBy","INTEGER","4",""
"crmLeads","ModifiedDate","TIMESTAMP","8",""
"crmLeads","ModifiedBy","INTEGER","4",""
"crmLeads","xHandler","INTEGER","4","Handler"
"crmLeads","Description","SHORTSTRING","51","Lead Decription"
"crmLeads","Value","MONEY","8",""
"crmLeads","TargetDate","DATE","4",""
"crmLeads","xJob","INTEGER","4",""
"crmLeads","Xcampaign","INTEGER","4",""
"crmLeads","Notes","CHARACTER LARGE OBJECT","8",""
"crmLeads","xCurrency","INTEGER","4",""
"crmLeads","xSite","INTEGER","4",""
"crmLeads","xBookingType","BYTE","1",""
"defcon","Defcon_idx","SMALLINT","2","Defcon_idx"
"defcon","Defcon_text","SHORTSTRING","31","Defcon_text"
"defcon","Function","BYTE","1","TStatusFunction"
"defcon","System","BOOLEAN","1",""
"defcon","SortOrder","SMALLINT","2",""
"depreciate","Idx","AUTOINC","4","Idx"
"depreciate","Description","SHORTSTRING","51","Description"
"depreciate","Days","INTEGER","4",""
"depreciate","CalculationScript","CHARACTER LARGE OBJECT","8",""
"depreciate","DepreciationType","BYTE","1",""
"depreciate","DepreciationRate","DECIMAL","8",""
"ext_company","IDX","AUTOINC","4",""
"ext_company","CompanyLink","INTEGER","4","CompanyLink"
"ext_company","Site","INTEGER","4","Site"
"ext_company","xSalesTax","INTEGER","4",""
"ext_company","xRentalTax","INTEGER","4",""
"ext_company","xCrewTax","INTEGER","4",""
"ext_company","xTransportTax","INTEGER","4",""
"ext_company","xCostsTax","INTEGER","4",""
"ext_company","Extended Reference","SHORTSTRING","51","Extended Reference"
"ext_company","InsuranceValid","BOOLEAN","1","InsuranceValid"
"ext_company","DefaultPriceSchemeA","INTEGER","4","DefaultPriceSchemeA"
"ext_company","DefaultPriceSchemeB","INTEGER","4","DefaultPriceSchemeB"
"ext_company","DefaultPriceSchemeC","INTEGER","4","DefaultPriceSchemeC"
"ext_company","DefaultPriceSchemeD","INTEGER","4","DefaultPriceSchemeD"
"ext_company","xDefaultPurchasingPriceSchemeA","INTEGER","4","Price Scheme for suppliers for subhires and sales orders"
"ext_company","xDefaultPurchasingPriceSchemeB","INTEGER","4","Price Scheme for suppliers for subhires and sales orders"
"ext_company","xDefaultPurchasingPriceSchemeC","INTEGER","4","Price Scheme for suppliers for subhires and sales orders"
"ext_company","xDefaultPurchasingPriceSchemeD","INTEGER","4","Price Scheme for suppliers for subhires and sales orders"
"extern","Day","INTEGER","4","Day"
"extern","Ext1","DECIMAL","8","Ext1"
"extern","Ext2","DECIMAL","8","Ext2"
"extern","Ext3","DECIMAL","8","Ext3"
"extern","Ext4","DECIMAL","8","Ext4"
"extern","Ext5","DECIMAL","8","Ext5"
"extern","Ext6","DECIMAL","8","Ext6"
"extern","Ext7","DECIMAL","8","Ext7"
"extern","Ext8","DECIMAL","8","Ext8"
"extern","Ext9","DECIMAL","8","Ext9"
"extern","Ext10","DECIMAL","8","Ext10"
"filters","FilterCount","AUTOINC","4","FilterCount"
"filters","FilterConditions","SHORTSTRING","101","FilterConditions"
"filtlook","IDX","AUTOINC","4",""
"filtlook","Name","INTEGER","4","Name"
"filtlook","Filter","INTEGER","4","Filter"
"hiretrack_version","Version_No","INTEGER","4",""
"hiretrack_version","TriggerCheck","INTEGER","4",""
"hiretrack_version","EmailServiceVersion","SHORTSTRING","51",""
"hiretrack_version","EmailServiceHost","SHORTSTRING","51",""
"hiretrack_version","EmailServiceStartTime","TIMESTAMP","8",""
"hiretrack_version","EmailServiceStopTime","TIMESTAMP","8",""
"hiretrack_version","GDPREncrypted","BOOLEAN","1",""
"hiretrack_version","AliasID","GUID","16",""
"jobtypes","Type_idx","AUTOINC","4","Type_idx"
"jobtypes","Type_Desc","SHORTSTRING","21","Type_Desc"
"location","LocationId","AUTOINC","4","LocationId"
"location","LocationDescription","SHORTSTRING","51","LocationDescription"
"location","xWareHouse","INTEGER","4",""
"mastercat","Mcatid","INTEGER","4","Mcatid"
"mastercat","McDescription","SHORTSTRING","101","McDescription"
"mastercat","McSortOrder","FLOAT","4","McSortOrder"
"mastercat","HotKeyStr","SHORTSTRING","4",""
"mastercat","System","BOOLEAN","1",""
"my_desk","Idx","AUTOINC","4","Idx"
"my_desk","xUser","INTEGER","4",""
"my_desk","Form","BYTE","1","TDocumentType"
"my_desk","Job","INTEGER","4","Job"
"my_desk","SubJob","INTEGER","4","SubJob"
"my_desk","Description","SHORTSTRING","51","Description"
"period","Counter","AUTOINC","4","Counter"
"period","Description","SHORTSTRING","26","Description"
"purcdata","Masterline","AUTOINC","4","Masterline"
"purcdata","Subline","INTEGER","4","Subline"
"purcdata","Quantity","INTEGER","4","Quantity"
"purcdata","Type","INTEGER","4","Type"
"purcdata","RecType","INTEGER","4","RecType"
"purcdata","RecReference","INTEGER","4","RecReference"
"purcdata","RecDate","TIMESTAMP","8","RecDate"
"purcdata","RecPrice","MONEY","8","RecPrice"
"purcdata","Discount","DOUBLE PRECISION","8","Discount"
"purcdata","Notes","CHARACTER LARGE OBJECT","8","Notes"
"purcdata","Orderlink","INTEGER","4","Orderlink"
"purcdata","Invd","INTEGER","4","Invd"
"purcdata","Ret","INTEGER","4","Ret"
"purcdata","Dis","INTEGER","4","Dis"
"purcdata","xTaxCode","INTEGER","4",""
"purcdata","Currency","SMALLINT","2","Currency"
"purcdata","Nominal","INTEGER","4","Nominal"
"purcdata","Each","MONEY","8","Each"
"purcdata","Crd","INTEGER","4","Crd"
"purcdata","Site","INTEGER","4","Site"
"purcdhed","DesNo","AUTOINC","4","DesNo"
"purcdhed","DesDate","TIMESTAMP","8","DesDate"
"purcdhed","Sent","BOOLEAN","1","Sent"
"purcdhed","Address","CHARACTER LARGE OBJECT","8","Address"
"purcdhed","Orderxref","INTEGER","4","Orderxref"
"purcdhed","Desref","SHORTSTRING","16","Desref"
"purcdhed","Notes","CHARACTER LARGE OBJECT","8","Notes"
"purcdhed","Method","SHORTSTRING","16","Method"
"purcdhed","Consignmentno","SHORTSTRING","26","Consignmentno"
"purcdhed","Companyno","INTEGER","4","Companyno"
"purcdhed","Type","INTEGER","4","Type"
"purcdhed","Version","SMALLINT","2","Version"
"purcdhed","Site","INTEGER","4","Site"
"purcihed","InvNo","AUTOINC","4","InvNo"
"purcihed","InvDate","TIMESTAMP","8","InvDate"
"purcihed","Paid","BOOLEAN","1","Paid"
"purcihed","Posted","BOOLEAN","1","Posted"
"purcihed","Address","CHARACTER LARGE OBJECT","8","Address"
"purcihed","Totalex","MONEY","8","Totalex"
"purcihed","Tax","MONEY","8","Tax"
"purcihed","Totalinc","MONEY","8","Totalinc"
"purcihed","Taxtable","CHARACTER LARGE OBJECT","8","Taxtable"
"purcihed","Orderxref","INTEGER","4","Orderxref"
"purcihed","Invref","SHORTSTRING","16","Invref"
"purcihed","Notes","CHARACTER LARGE OBJECT","8","Notes"
"purcihed","xTaxCode","INTEGER","4",""
"purcihed","Compno","INTEGER","4","Compno"
"purcihed","Type","SMALLINT","2","Type"
"purcihed","Version","SMALLINT","2","Version"
"purcihed","Site","INTEGER","4","Site"
"purcihed","Completed","BOOLEAN","1","Completed"
"purcohead","OrderAi","AUTOINC","4","OrderAi"
"purcohead","Orderref","SHORTSTRING","16","Orderref"
"purcohead","CustRef","SHORTSTRING","26","CustRef"
"purcohead","Custname","SHORTSTRING","26","Custname"
"purcohead","Orderdate","TIMESTAMP","8","Orderdate"
"purcohead","Terms","INTEGER","4","Terms"
"purcohead","Totalex","MONEY","8","Totalex"
"purcohead","Tax","MONEY","8","Tax"
"purcohead","Totalinc","MONEY","8","Totalinc"
"purcohead","Invadd","CHARACTER LARGE OBJECT","8","Invadd"
"purcohead","Delivadd","CHARACTER LARGE OBJECT","8","Delivadd"
"purcohead","Customernumber","INTEGER","4","Customernumber"
"purcohead","Notes","CHARACTER LARGE OBJECT","8","Notes"
"purcohead","Currency","SMALLINT","2","Currency"
"purcohead","xTaxCode","INTEGER","4",""
"purcohead","Quote","BOOLEAN","1","Quote"
"purcohead","Site","INTEGER","4","Site"
"purcohead","Date1","TIMESTAMP","8","Date1"
"purcohead","Date2","TIMESTAMP","8","Date2"
"purcohead","Disc","DOUBLE PRECISION","8","Disc"
"purcohead","CreatedBy","INTEGER","4",""
"purcohead","ModifiedBy","INTEGER","4",""
"purcohead","ModifiedDate","TIMESTAMP","8",""
"px-codes","Ecode","SHORTSTRING","31","Ecode"
"px-codes","Description","SHORTSTRING","101","Description"
"px-codes","Category","SHORTSTRING","101","Category"
"px-codes","MasterCat","SHORTSTRING","101","MasterCat"
"pxchg","XType","INTEGER","4","XType"
"pxchg","Ecode","SHORTSTRING","31","Ecode"
"pxchg","PercentFree","INTEGER","4","PercentFree"
"pxchg","Active","BOOLEAN","1","Active"
"rbCalcs","IDX","AUTOINC","4",""
"rbCalcs","FieldAlias","SHORTSTRING","51",""
"rbCalcs","Function","CHARACTER LARGE OBJECT","8",""
"rbField","TableName","SHORTSTRING","51",""
"rbField","FieldName","SHORTSTRING","51",""
"rbField","FieldAlias","SHORTSTRING","51",""
"rbField","DataType","SHORTSTRING","51",""
"rbField","Selectable","SHORTSTRING","2",""
"rbField","Searchable","SHORTSTRING","2",""
"rbField","Sortable","SHORTSTRING","2",""
"rbField","AutoSearch","SHORTSTRING","2",""
"rbField","Mandatory","SHORTSTRING","2",""
"rbFolder","FolderId","AUTOINC","4",""
"rbFolder","FolderName","SHORTSTRING","51",""
"rbFolder","ParentId","INTEGER","4",""
"rbJoin","TableName1","SHORTSTRING","51",""
"rbJoin","TableName2","SHORTSTRING","51",""
"rbJoin","JoinType","SHORTSTRING","51",""
"rbJoin","FieldNames1","SHORTSTRING","256",""
"rbJoin","Operators","SHORTSTRING","61",""
"rbJoin","FieldNames2","SHORTSTRING","256",""
"rbTable","TableName","SHORTSTRING","51",""
"rbTable","TableAlias","SHORTSTRING","51",""
"related","Count","AUTOINC","4","Count"
"related","Mastertype","INTEGER","4","Mastertype"
"related","Subtype","INTEGER","4","Subtype"
"related","Quantity","INTEGER","4","Quantity"
"related","Ratio1","INTEGER","4","Ratio1"
"related","Ratio2","INTEGER","4","Ratio2"
"related","ExcInc","BOOLEAN","1","ExcInc"
"related","Charge","BOOLEAN","1","Charge"
"related","Required","BOOLEAN","1","Required"
"related","SortOrder","FLOAT","4",""
"saleaidt","Recnumber","AUTOINC","4","Recnumber"
"salearc","Masterline","INTEGER","4","Masterline"
"salearc","Subline","INTEGER","4","Subline"
"salearc","Quantity","INTEGER","4","Quantity"
"salearc","Type","INTEGER","4","Type"
"salearc","RecType","INTEGER","4","RecType"
"salearc","RecReference","INTEGER","4","RecReference"
"salearc","RecDate","TIMESTAMP","8","RecDate"
"salearc","RecPrice","MONEY","8","RecPrice"
"salearc","Discount","DOUBLE PRECISION","8","Discount"
"salearc","Notes","CHARACTER LARGE OBJECT","8","Notes"
"salearc","Orderlink","INTEGER","4","Orderlink"
"salearc","Invd","INTEGER","4","Invd"
"salearc","Ret","INTEGER","4","Ret"
"salearc","Dis","INTEGER","4","Dis"
"salearc","Taxrate","SHORTSTRING","6","Taxrate"
"salearc","Currency","SMALLINT","2","Currency"
"salearc","Nominal","INTEGER","4","Nominal"
"salearc","Each","MONEY","8","Each"
"salearc","Crd","INTEGER","4","Crd"
"salearc","Site","INTEGER","4","Site"
"salecfg","Siteref","INTEGER","4","Siteref"
"salecfg","Detaillineoffset","INTEGER","4","Detaillineoffset"
"salecfg","Saleorderprefex","SHORTSTRING","6","Saleorderprefex"
"salecfg","Saleordersuffix","SHORTSTRING","6","Saleordersuffix"
"salecfg","Saledelivprefix","SHORTSTRING","6","Saledelivprefix"
"salecfg","Saledelivsuffix","SHORTSTRING","6","Saledelivsuffix"
"salecfg","Salerequestprefix","SHORTSTRING","6","Salerequestprefix"
"salecfg","Salerequestsuffix","SHORTSTRING","6","Salerequestsuffix"
"salecfg","Saleorderoffset","INTEGER","4","Saleorderoffset"
"salecfg","Saledelivoffset","INTEGER","4","Saledelivoffset"
"salecfg","Salerequestoffset","INTEGER","4","Salerequestoffset"
"salecfg","Salegoodsinsuffix","SHORTSTRING","6","Salegoodsinsuffix"
"salecfg","Salegoodsinprefix","SHORTSTRING","6","Salegoodsinprefix"
"salecfg","Salereturnprefix","SHORTSTRING","6","Salereturnprefix"
"salecfg","Salereturnsuffix","SHORTSTRING","6","Salereturnsuffix"
"salecfg","Salegoodsinoffset","INTEGER","4","Salegoodsinoffset"
"saledata","Masterline","INTEGER","4","Masterline"
"saledata","Subline","INTEGER","4","Subline"
"saledata","Quantity","INTEGER","4","Quantity"
"saledata","Type","INTEGER","4","Type"
"saledata","RecType","INTEGER","4","RecType"
"saledata","RecReference","INTEGER","4","RecReference"
"saledata","RecDate","TIMESTAMP","8","RecDate"
"saledata","RecPrice","MONEY","8","RecPrice"
"saledata","Discount","DOUBLE PRECISION","8","Discount"
"saledata","Notes","CHARACTER LARGE OBJECT","8","Notes"
"saledata","Orderlink","INTEGER","4","Orderlink"
"saledata","Invd","INTEGER","4","Invd"
"saledata","Ret","INTEGER","4","Ret"
"saledata","Dis","INTEGER","4","Dis"
"saledata","xTaxCode","INTEGER","4",""
"saledata","Currency","SMALLINT","2","Currency"
"saledata","Nominal","INTEGER","4","Nominal"
"saledata","Each","MONEY","8","Each"
"saledata","Crd","INTEGER","4","Crd"
"saledata","Site","INTEGER","4","Site"
"saledemo","Dummy","INTEGER","4","Dummy"
"saledhed","DesNo","AUTOINC","4","DesNo"
"saledhed","DesDate","TIMESTAMP","8","DesDate"
"saledhed","Sent","BOOLEAN","1","Sent"
"saledhed","Address","CHARACTER LARGE OBJECT","8","Address"
"saledhed","Orderxref","INTEGER","4","Orderxref"
"saledhed","Desref","SHORTSTRING","16","Desref"
"saledhed","Notes","CHARACTER LARGE OBJECT","8","Notes"
"saledhed","Method","SHORTSTRING","16","Method"
"saledhed","Consignmentno","SHORTSTRING","26","Consignmentno"
"saledhed","Companyno","INTEGER","4","Companyno"
"saledhed","Type","INTEGER","4","Type"
"saledhed","Version","SMALLINT","2","Version"
"saledhed","Site","INTEGER","4","Site"
"saleihed","InvNo","AUTOINC","4","InvNo"
"saleihed","InvDate","TIMESTAMP","8","InvDate"
"saleihed","Paid","BOOLEAN","1","Paid"
"saleihed","Posted","BOOLEAN","1","Posted"
"saleihed","Address","CHARACTER LARGE OBJECT","8","Address"
"saleihed","Totalex","MONEY","8","Totalex"
"saleihed","Tax","MONEY","8","Tax"
"saleihed","Totalinc","MONEY","8","Totalinc"
"saleihed","Taxtable","CHARACTER LARGE OBJECT","8","Taxtable"
"saleihed","Orderxref","INTEGER","4","Orderxref"
"saleihed","Invref","SHORTSTRING","16","Invref"
"saleihed","Notes","CHARACTER LARGE OBJECT","8","Notes"
"saleihed","xTaxCode","INTEGER","4",""
"saleihed","Compno","INTEGER","4","Compno"
"saleihed","Type","SMALLINT","2","Type"
"saleihed","Version","SMALLINT","2","Version"
"saleihed","Site","INTEGER","4","Site"
"saleihed","Printed","BOOLEAN","1","Printed"
"saleohead","OrderAi","AUTOINC","4","OrderAi"
"saleohead","Orderref","SHORTSTRING","16","Orderref"
"saleohead","CustRef","SHORTSTRING","26","CustRef"
"saleohead","Custname","SHORTSTRING","26","Custname"
"saleohead","Orderdate","TIMESTAMP","8","Orderdate"
"saleohead","Terms","INTEGER","4","Terms"
"saleohead","Totalex","MONEY","8","Totalex"
"saleohead","Tax","MONEY","8","Tax"
"saleohead","Totalinc","MONEY","8","Totalinc"
"saleohead","Invadd","CHARACTER LARGE OBJECT","8","Invadd"
"saleohead","Delivadd","CHARACTER LARGE OBJECT","8","Delivadd"
"saleohead","Customernumber","INTEGER","4","Customernumber"
"saleohead","Notes","CHARACTER LARGE OBJECT","8","Notes"
"saleohead","Currency","SMALLINT","2","Currency"
"saleohead","xTaxCode","INTEGER","4",""
"saleohead","Quote","BOOLEAN","1","Quote"
"saleohead","Site","INTEGER","4","Site"
"saleohead","Date1","TIMESTAMP","8","Date1"
"saleohead","Date2","TIMESTAMP","8","Date2"
"saleohead","Disc","DOUBLE PRECISION","8","Disc"
"saleohead","CreatedBy","INTEGER","4",""
"saleohead","ModifiedBy","INTEGER","4",""
"saleohead","ModifiedDate","TIMESTAMP","8",""
"servdata","Recordno","AUTOINC","4","Recordno"
"servdata","Service_Date","TIMESTAMP","8","Service_Date"
"servdata","Itemref","INTEGER","4","Itemref"
"servdata","WorkDone","CHARACTER LARGE OBJECT","8","WorkDone"
"servdata","Notes","CHARACTER LARGE OBJECT","8","Notes"
"servdata","Labour","MONEY","8","Labour"
"servdata","Parts","MONEY","8","Parts"
"servdata","Currency","SMALLINT","2","Currency"
"servdata","xType","INTEGER","4",""
"servdata","xRepairLineRef","INTEGER","4",""
"servdata","xBadEqlno","INTEGER","4",""
"servdata","Estimate","MONEY","8",""
"servdata","CompletedDate","TIMESTAMP","8",""
"servdata","Invoiced","BOOLEAN","1","This column is not used. See Costs table instead"
"servdata","InvoiceAmount","MONEY","8","Used to populate Costs entry"
"servdata","xSupplier","INTEGER","4",""
"servdata","RepairAction","BYTE","1","TRepairAction = (raDiscard, raCompleteRepair, raQuoteRepair,
raCompleteRepairAndCharge, raStockOut, raQuoteStockOut, raStockOut"
"servdata","ServiceType","BYTE","1","TServiceType = (stService, stRepair)"
"servdata","xReportedBy","CHARACTER VARYING","51",""
"servdata","xServicedBy","INTEGER","4",""
"servdata","xAuditID","INTEGER","4","For disposals when can''t be repaired, lost etc"
"stckbdes","Band","INTEGER","4","Band"
"stckbdes","Description","SHORTSTRING","21","Description"
"stckbdes","Breakpoint","INTEGER","4","Breakpoint"
"stckbdes","Formula","SHORTSTRING","101","Formula"
"stckbnd","Type","INTEGER","4","Type"
"stckbnd","Pb1","MONEY","8","Pb1"
"stckbnd","Pb2","MONEY","8","Pb2"
"stckbnd","Pb3","MONEY","8","Pb3"
"stckbnd","Pb4","MONEY","8","Pb4"
"stckbnd","Pb5","MONEY","8","Pb5"
"stckbnd","Pb6","MONEY","8","Pb6"
"stckbnd","Pb7","MONEY","8","Pb7"
"stckbnd","Pb8","MONEY","8","Pb8"
"stckbnd","Pb9","MONEY","8","Pb9"
"stckbnd","Pb10","MONEY","8","Pb10"
"stckbnd","Slevel","INTEGER","4","Slevel"
"stckbnd","Pc1","MONEY","8","Pc1"
"stckbnd","Pc2","MONEY","8","Pc2"
"stckbnd","Pc3","MONEY","8","Pc3"
"stckbnd","Pc4","MONEY","8","Pc4"
"stckbnd","Pc5","MONEY","8","Pc5"
"stckbnd","Pc6","MONEY","8","Pc6"
"stckbnd","Pc7","MONEY","8","Pc7"
"stckbnd","Pc8","MONEY","8","Pc8"
"stckbnd","Pc9","MONEY","8","Pc9"
"stckbnd","Pd1","MONEY","8","Pd1"
"stckbnd","Pd2","MONEY","8","Pd2"
"stckbnd","Pd3","MONEY","8","Pd3"
"stckbnd","Pd4","MONEY","8","Pd4"
"stckbnd","Pd5","MONEY","8","Pd5"
"stckbnd","Pd6","MONEY","8","Pd6"
"stckbnd","Pd7","MONEY","8","Pd7"
"stckbnd","Pd8","MONEY","8","Pd8"
"stckbnd","Pd9","MONEY","8","Pd9"
"stckbnd","Pe1","MONEY","8","Pe1"
"stckbnd","Pe2","MONEY","8","Pe2"
"stckbnd","Pe3","MONEY","8","Pe3"
"stckbnd","Pe4","MONEY","8","Pe4"
"stckbnd","Pe5","MONEY","8","Pe5"
"stckbnd","Pe6","MONEY","8","Pe6"
"stckbnd","Pe7","MONEY","8","Pe7"
"stckbnd","Pe8","MONEY","8","Pe8"
"stckbnd","Pe9","MONEY","8","Pe9"
"stckexc","Company","INTEGER","4","Company"
"stckexc","Type","INTEGER","4","Type"
"stckexc","Band","INTEGER","4","Band"
"stckexc","Price","MONEY","8","Price"
"stckexc","PriceB","MONEY","8","PriceB"
"stckexc","PriceC","MONEY","8","PriceC"
"stckexc","PriceD","MONEY","8","PriceD"
"stckmcat","Company","INTEGER","4","Company"
"stckmcat","Mc1","INTEGER","4","Mc1"
"stckmcat","Mc2","INTEGER","4","Mc2"
"stckmcat","Mc3","INTEGER","4","Mc3"
"stckmcat","Mc4","INTEGER","4","Mc4"
"stckmcat","Mc5","INTEGER","4","Mc5"
"stckmcat","Mc6","INTEGER","4","Mc6"
"stcktrns","Trandate","TIMESTAMP","8","Trandate"
"stcktrns","Q","INTEGER","4","Q"
"stcktrns","From","INTEGER","4","From"
"stcktrns","To","INTEGER","4","To"
"stcktrns","Type","INTEGER","4","Type"
"stkmbnd","Compref","INTEGER","4","Compref"
"stkmbnd","Mcatref","INTEGER","4","Mcatref"
"stkmbnd","Band","INTEGER","4","Band"
"subcode","IDX","AUTOINC","4",""
"subcode","Masteritem","INTEGER","4","Masteritem"
"subcode","Subitem","INTEGER","4","Subitem"
"subcode","Mastertype","INTEGER","4","Mastertype"
"subcode","Subtype","INTEGER","4","Subtype"
"subcode","xComposite","INTEGER","4",""
"subcode","BarcodeComponentState","BYTE","1","TBarcodeComponentState = (bcsReadyToGo, bcsReturned, bcsUnreturned, bscDetached)"
"subdata","Subhline","INTEGER","4","Subhline"
"subdata","Eqlline","INTEGER","4","Eqlline"
"subdata","Sublistno","INTEGER","4","Sublistno"
"subdata","Eqlno","INTEGER","4","Eqlno"
"subdata","Q","INTEGER","4","Q"
"subdata","Idx","AUTOINC","4",""
"taxcodes","IDX","AUTOINC","4",""
"taxcodes","Tax_code","SHORTSTRING","6","Tax_code"
"taxcodes","Site","INTEGER","4","Site"
"taxcodes","Tax_rate","DOUBLE PRECISION","8","Tax_rate"
"taxcodes","EUCategoryCode","BYTE","1","TEUTaxCodeCategory = (etcStandard, etcZero, etcExempt, etcReverseCharge, etcIntraCommunityReverseCharge, etcExemptExport, etcOut"
"taxcodes","EUExemptionCode","CHARACTER VARYING","31","e.g. VATEX-EU-132-1A"
"taxcodes","EUExemptionDescription","CHARACTER VARYING","101","used if no EUExemptionCode"
"updates","Idx","AUTOINC","4","Idx"
"updates","Date","TIMESTAMP","8","Date"
"updates","DBVersion","INTEGER","4","DBVersion"
"updates","UpdateVersion_No","BOOLEAN","1",""
"veh-type","Vehicle_counter","AUTOINC","4","Vehicle_counter"
"veh-type","Generic_type","SHORTSTRING","51","Generic_type"
"veh-type","Nominal","INTEGER","4","Nominal"
"veh-type","DailyA","MONEY","8",""
"veh-type","DailyB","MONEY","8",""
"veh-type","DailyC","MONEY","8",""
"veh-type","DailyD","MONEY","8",""
"veh-type","DistanceA","MONEY","8",""
"veh-type","DistanceB","MONEY","8",""
"veh-type","DistanceC","MONEY","8",""
"veh-type","DistanceD","MONEY","8",""
"veh-type","DailyInternalCostA","MONEY","8",""
"veh-type","DailyInternalCostB","MONEY","8",""
"veh-type","DailyInternalCostC","MONEY","8",""
"veh-type","DailyInternalCostD","MONEY","8",""
"veh-type","DistanceInternalCostA","MONEY","8",""
"veh-type","DistanceInternalCostB","MONEY","8",""
"veh-type","DistanceInternalCostC","MONEY","8",""
"veh-type","DistanceInternalCostD","MONEY","8",""
"veh-type","GrossWeight","INTEGER","4",""
"veh_spec","Vehicle_idx","AUTOINC","4","Vehicle_idx"
"veh_spec","Generic_type","INTEGER","4","Generic_type"
"veh_spec","Specific","SHORTSTRING","26","Specific"
"veh_spec","Registration","SHORTSTRING","11","Registration"
"veh_spec","Site","INTEGER","4","Site"
"veh_spec","Retired","BOOLEAN","1",""
"veh_spec","MaxGoodsWeight","INTEGER","4",""
"venue","Company","INTEGER","4","Company"
"venue","Directions","CHARACTER LARGE OBJECT","8","Directions"
"venue","Access","CHARACTER LARGE OBJECT","8","Access"
"venue","Terrain","CHARACTER LARGE OBJECT","8","Terrain"
"venue","Stage","CHARACTER LARGE OBJECT","8","Stage"
"venue","HouseLighting","CHARACTER LARGE OBJECT","8","HouseLighting"
"venue","HouseSound","CHARACTER LARGE OBJECT","8","HouseSound"
"venue","General","CHARACTER LARGE OBJECT","8","General"
"venue","StageDoor","SHORTSTRING","26","StageDoor"
"venue","HouseInfo","CHARACTER LARGE OBJECT","8","HouseInfo"
"venue","Power","CHARACTER LARGE OBJECT","8","Power"
"venue","StageDoorFax","SHORTSTRING","26","StageDoorFax"
"venue","CapacityStanding","INTEGER","4","CapacityStanding"
"venue","CapacitySeated","INTEGER","4","CapacitySeated"
"venue","Map","BINARY LARGE OBJECT","8","Map"
"venue","Picture","BINARY LARGE OBJECT","8","Picture"
"venue","Plan","BINARY LARGE OBJECT","8","Plan"
"venue","Rigging","CHARACTER LARGE OBJECT","8","Rigging"
"venue","IDX","AUTOINC","4",""
"venue","VenueName","SHORTSTRING","51",""
